00011341|1|0|57|0|0|0|0|0|0|128000|0|0|0|0|0
00011341|2|0|1047|61|0|61|0|-61|0|128000|0|0|0|0|0
00011341|3|0|1047|5159|5000|5098|5000|-98|0|128000|0|0|0|0|0
00061609|4|1|1047|46922|47000|41763|42000|237|0|128000|0|0|0|0|0
00061609|5|1|1047|52345|52000|5423|5000|-423|0|128000|0|0|0|0|0
00061609|6|1|1048|56781|57000|4436|5000|564|0|128000|0|0|0|0|0
00061609|7|1|1048|59844|60000|3063|3000|-63|0|128000|0|0|1|0|0
00111634|8|2|1206|63979|64000|4135|4000|-135|0|128000|0|0|1|0|0
00111634|9|2|849|65637|65000|1658|1000|-658|0|128000|0|0|0|0|0
00111634|10|2|849|70364|70000|4727|5000|273|0|128000|0|0|0|0|0
00111634|11|2|849|74419|74000|4055|4000|-55|0|128000|0|0|1|0|0
00111634|12|2|711|96008|96000|21589|22000|411|0|128000|0|0|0|0|0
00111634|13|2|712|96281|96000|273|0|-273|0|128000|0|0|1|0|0
00161869|14|3|843|128450|128000|32169|32000|-169|0|128000|0|0|0|0|0
00161869|15|3|843|128620|129000|170|1000|830|0|128000|0|0|0|0|0
00161869|16|3|843|128861|129000|241|0|-241|0|128000|0|0|1|0|0
00212389|17|4|879|166473|167000|37612|38000|388|0|128000|0|0|0|0|0
00212389|18|4|879|166814|167000|341|0|-341|0|128000|0|0|1|0|0
00212389|19|4|1151|195068|195000|28254|28000|-254|0|128000|0|0|0|0|0
00212389|20|4|1151|195383|195000|315|0|-315|0|128000|0|0|1|0|0
00262005|21|5|963|230096|230000|34713|35000|287|0|128000|0|0|0|0|0
00262005|22|5|964|230415|230000|319|0|-319|0|128000|0|0|1|0|0
00262005|23|5|1047|261358|261000|30943|31000|57|0|128000|0|0|0|0|0
00313218|24|6|1047|261530|261000|172|0|-172|605728|787446|787446|0|0|0|0
00313218|25|6|1047|261660|262000|130|1000|870|605728|787446|787446|0|1|0|0
00313218|26|6|933|295487|296000|33827|34000|173|605728|787446|787446|0|0|0|0
00313218|27|6|933|295713|296000|226|0|-226|605728|787446|787446|0|0|0|0
00313218|28|6|934|295875|296000|162|0|-162|605728|787446|787446|0|1|0|0
00362494|29|7|974|329471|330000|33596|34000|404|762336|991036|991036|0|0|0|0
00362494|30|7|975|329706|330000|235|0|-235|762336|991036|991036|0|0|0|0
00362494|31|7|975|329824|330000|118|0|-118|762336|991036|991036|0|1|0|0
00362494|32|7|1165|359181|359000|29357|29000|-357|762336|991036|991036|0|0|0|0
00362494|33|7|1166|359439|360000|258|1000|742|762336|991036|991036|0|1|0|0
00412772|34|8|993|391378|391000|31939|31000|-939|630784|820019|820019|0|0|0|0
00412772|35|8|994|391631|392000|253|1000|747|630784|820019|820019|0|0|0|0
00412772|36|8|994|391813|392000|182|0|-182|630784|820019|820019|0|1|0|0
00463788|37|9|872|422391|423000|30578|31000|422|645248|838822|838822|2|0|0|0
00463788|38|9|872|422684|423000|293|0|-293|645248|838822|838822|2|1|0|0
00513399|39|10|977|463240|463000|40556|40000|-556|644800|838239|838239|2|0|0|0
00513399|40|10|978|463436|463000|196|0|-196|644800|838239|838239|2|0|0|0
00513399|41|10|978|463646|464000|210|1000|790|644800|838239|838239|2|1|0|0
00513399|42|10|816|492728|493000|29082|29000|-82|644800|838239|838239|2|0|0|0
00513399|43|10|817|493096|493000|368|0|-368|644800|838239|838239|2|1|0|0
00562064|44|11|1057|525980|526000|32884|33000|116|655584|852259|852259|2|0|0|0
00562064|45|11|1058|526211|526000|231|0|-231|655584|852259|852259|2|0|0|0
00562064|46|11|1058|526435|526000|224|0|-224|655584|852259|852259|2|1|0|0
00562064|47|11|1028|556248|556000|29813|30000|187|655584|852259|852259|2|0|0|0
00562064|48|11|1029|556609|557000|361|1000|639|655584|852259|852259|2|1|0|0
00612496|49|12|1030|586314|586000|29705|29000|-705|632832|822681|822681|2|0|0|0
00612496|50|12|1031|586446|586000|132|0|-132|632832|822681|822681|2|0|0|0
00612496|51|12|1031|586591|586000|145|0|-145|632832|822681|822681|2|1|0|0
00662465|52|13|841|624192|624000|37601|38000|399|638208|829670|829670|2|0|0|0
00662465|53|13|841|624510|624000|318|0|-318|638208|829670|829670|2|0|0|0
00662465|54|13|842|624688|625000|178|1000|822|638208|829670|829670|2|1|0|0
00662465|55|13|979|658409|659000|33721|34000|279|638208|829670|829670|2|0|0|0
00662465|56|13|979|658592|659000|183|0|-183|638208|829670|829670|2|0|0|0
00662465|57|13|980|658744|659000|152|0|-152|638208|829670|829670|2|1|0|0
00712880|58|14|1076|685273|685000|26529|26000|-529|643008|835910|835910|2|0|0|0
00712880|59|14|1076|685517|685000|244|0|-244|643008|835910|835910|2|1|0|0
00762764|60|15|943|721535|722000|36018|37000|982|656064|852883|852883|2|0|0|0
00762764|61|15|943|721677|722000|142|0|-142|656064|852883|852883|2|0|0|0
00762764|62|15|943|721837|722000|160|0|-160|656064|852883|852883|2|1|0|0
00762764|63|15|813|751061|751000|29224|29000|-224|656064|852883|852883|2|0|0|0
00762764|64|15|814|751553|752000|492|1000|508|656064|852883|852883|2|1|0|0
00813543|65|16|1100|787204|788000|35651|36000|349|652544|848307|848307|2|0|0|0
00813543|66|16|1100|787805|788000|601|0|-601|652544|848307|848307|2|1|0|0
00863056|67|17|959|818305|818000|30500|30000|-500|621408|807830|807830|2|0|0|0
00863056|68|17|959|818566|818000|261|0|-261|621408|807830|807830|2|1|0|0
00863056|69|17|1126|852612|853000|34046|35000|954|621408|807830|807830|2|0|0|0
00863056|70|17|1126|854714|855000|2102|2000|-102|621408|807830|807830|2|0|0|0
00863056|71|17|1127|859098|859000|4384|4000|-384|621408|807830|807830|2|1|0|0
00913635|72|18|853|880847|881000|21749|22000|251|626144|813987|813987|2|0|0|0
00913635|73|18|853|880983|881000|136|0|-136|626144|813987|813987|2|1|0|0
00963558|74|19|1084|914833|915000|33850|34000|150|599968|779958|779958|2|0|0|0
00963558|75|19|1084|914957|915000|124|0|-124|599968|779958|779958|2|0|0|0
00963558|76|19|1085|915074|915000|117|0|-117|599968|779958|779958|2|1|0|0
00963558|77|19|847|949865|950000|34791|35000|209|599968|779958|779958|2|0|0|0
00963558|78|19|847|950286|950000|421|0|-421|599968|779958|779958|2|1|0|0
01014028|79|20|987|982725|983000|32439|33000|561|595392|774009|774009|2|0|0|0
01014028|80|20|987|982948|983000|223|0|-223|595392|774009|774009|2|0|0|0
01014028|81|20|988|983042|983000|94|0|-94|595392|774009|774009|2|0|0|0
01014028|82|20|988|987895|988000|4853|5000|147|595392|774009|774009|2|1|0|0
01063628|83|21|1001|1015472|1015000|27577|27000|-577|631264|820643|820643|2|0|0|0
01063628|84|21|1002|1015590|1016000|118|1000|882|631264|820643|820643|2|0|0|0
01063628|85|21|1002|1015692|1016000|102|0|-102|631264|820643|820643|2|1|0|0
01063628|86|21|1102|1047392|1047000|31700|31000|-700|631264|820643|820643|2|0|0|0
01063628|87|21|1102|1047527|1047000|135|0|-135|631264|820643|820643|2|0|0|0
01063628|88|21|1103|1051779|1052000|4252|5000|748|631264|820643|820643|2|1|0|0
01114192|89|22|761|1079134|1079000|27355|27000|-355|710784|924019|924019|2|0|0|0
01114192|90|22|761|1079415|1079000|281|0|-281|710784|924019|924019|2|1|0|0
01164244|91|23|941|1115214|1115000|35799|36000|201|698112|907545|907545|2|0|0|0
01164244|92|23|941|1115350|1115000|136|0|-136|698112|907545|907545|2|0|0|0
01164244|93|23|942|1117698|1118000|2348|3000|652|698112|907545|907545|2|1|0|0
01164244|94|23|1095|1146942|1147000|29244|29000|-244|698112|907545|907545|2|1|0|0
01213956|95|24|827|1180054|1180000|33112|33000|-112|660800|859039|859039|2|0|0|0
01213956|96|24|828|1180230|1180000|176|0|-176|660800|859039|859039|2|0|0|0
01213956|97|24|828|1184467|1184000|4237|4000|-237|660800|859039|859039|2|1|0|0
01213956|98|24|730|1211320|1211000|26853|27000|147|660800|859039|859039|2|0|0|0
01213956|99|24|731|1211645|1212000|325|1000|675|660800|859039|859039|2|1|0|0
01264186|100|25|1080|1243853|1244000|32208|32000|-208|628704|817315|817315|2|0|0|0
01264186|101|25|1080|1244104|1244000|251|0|-251|628704|817315|817315|2|0|0|0
01264186|102|25|1080|1244249|1244000|145|0|-145|628704|817315|817315|2|1|0|0
01314219|103|26|643|1280354|1280000|36105|36000|-105|605984|787779|787779|2|0|0|0
01314219|104|26|644|1280584|1280000|230|0|-230|605984|787779|787779|2|1|0|0
01314219|105|26|1059|1312821|1313000|32237|33000|763|605984|787779|787779|2|0|0|0
01364433|106|27|1060|1315979|1316000|3158|3000|-158|479072|622793|622793|2|1|0|0
01364433|107|27|1023|1343281|1344000|27302|28000|698|479072|622793|622793|2|0|0|0
01364433|108|27|1024|1343638|1344000|357|0|-357|479072|622793|622793|2|1|0|0
01414599|109|28|1198|1375081|1375000|31443|31000|-443|529792|688729|688729|2|0|0|0
01414599|110|28|1199|1375389|1375000|308|0|-308|529792|688729|688729|2|0|0|0
01414599|111|28|1199|1375647|1376000|258|1000|742|529792|688729|688729|2|1|0|0
01414599|112|28|1014|1407022|1407000|31375|31000|-375|529792|688729|688729|2|0|0|0
01414599|113|28|1014|1407485|1407000|463|0|-463|529792|688729|688729|2|1|0|0
01464744|114|29|1021|1444338|1445000|36853|38000|1147|584352|759657|759657|2|0|0|0
01464744|115|29|1022|1444636|1445000|298|0|-298|584352|759657|759657|2|0|0|0
01464744|116|29|1022|1444734|1445000|98|0|-98|584352|759657|759657|2|0|0|0
01464744|117|29|1022|1444899|1445000|165|0|-165|584352|759657|759657|2|1|0|0
01514872|118|30|687|1473933|1474000|29034|29000|-34|635680|826383|826383|2|0|0|0
01514872|119|30|688|1474469|1474000|536|0|-536|635680|826383|826383|2|1|0|0
01514872|120|30|1164|1507893|1508000|33424|34000|576|635680|826383|826383|2|0|0|0
01514872|121|30|1164|1508279|1508000|386|0|-386|635680|826383|826383|2|0|0|0
01514872|122|30|1165|1508474|1508000|195|0|-195|635680|826383|826383|2|1|0|0
01565128|123|31|1157|1538596|1539000|30122|31000|878|641024|641024|641024|2|0|0|0
01565128|124|31|1157|1538735|1539000|139|0|-139|641024|641024|641024|2|0|0|0
01565128|125|31|1157|1538837|1539000|102|0|-102|641024|641024|641024|2|1|0|0
01615122|126|32|1184|1576718|1577000|37881|38000|119|710912|710912|710912|2|0|0|0
01615122|127|32|1184|1576996|1577000|278|0|-278|710912|710912|710912|2|0|0|0
01615122|128|32|1184|1577092|1577000|96|0|-96|710912|710912|710912|2|0|0|0
01615122|129|32|1185|1577282|1577000|190|0|-190|710912|710912|710912|2|1|0|0
01615122|130|32|1001|1607642|1608000|30360|31000|640|710912|710912|710912|2|0|0|0
01615122|131|32|1002|1608051|1608000|409|0|-409|710912|710912|710912|2|0|0|0
01615122|132|32|1002|1608292|1608000|241|0|-241|710912|710912|710912|2|1|0|0
01665775|133|33|1040|1641760|1642000|33468|34000|532|825344|825344|825344|2|0|0|0
01665775|134|33|1040|1642054|1642000|294|0|-294|825344|825344|825344|2|0|0|0
01665775|135|33|1040|1642159|1642000|105|0|-105|825344|825344|825344|2|0|0|0
01665775|136|33|1040|1642348|1642000|189|0|-189|825344|825344|825344|2|1|0|0
01715404|137|34|979|1670412|1670000|28064|28000|-64|843392|843392|843392|2|0|0|0
01715404|138|34|980|1670541|1670000|129|0|-129|843392|843392|843392|2|0|0|0
01715404|139|34|980|1670609|1670000|68|0|-68|843392|843392|843392|2|1|0|0
01715404|140|34|1059|1703403|1704000|32794|34000|1206|843392|843392|843392|2|0|0|0
01715404|141|34|1059|1703643|1704000|240|0|-240|843392|843392|843392|2|0|0|0
01715404|142|34|1059|1703759|1704000|116|0|-116|843392|843392|843392|2|0|0|0
01715404|143|34|1060|1703949|1704000|190|0|-190|843392|843392|843392|2|1|0|0
01765603|144|35|882|1737531|1738000|33582|34000|418|877344|877344|877344|2|0|0|0
01765603|145|35|882|1737678|1738000|147|0|-147|877344|877344|877344|2|0|0|0
01765603|146|35|883|1737811|1738000|133|0|-133|877344|877344|877344|2|1|0|0
01815851|147|36|971|1771414|1771000|33603|33000|-603|918048|918048|918048|2|0|0|0
01815851|148|36|971|1771561|1771000|147|0|-147|918048|918048|918048|2|0|0|0
01815851|149|36|972|1771633|1772000|72|1000|928|918048|918048|918048|2|0|0|0
01815851|150|36|972|1771761|1772000|128|0|-128|918048|918048|918048|2|1|0|0
01815851|151|36|1197|1802752|1803000|30991|31000|9|918048|918048|918048|2|0|0|0
01815851|152|36|1197|1802948|1803000|196|0|-196|918048|918048|918048|2|1|0|0
01865779|153|37|1163|1836477|1836000|33529|33000|-529|918048|918048|918048|2|0|0|0
01865779|154|37|1164|1836681|1837000|204|1000|796|918048|918048|918048|2|0|0|0
01865779|155|37|1164|1836805|1837000|124|0|-124|918048|918048|918048|2|0|0|0
01865779|156|37|1164|1837019|1837000|214|0|-214|918048|918048|918048|2|1|0|0
01915956|157|38|1014|1868672|1869000|31653|32000|347|917802|917802|917802|3|0|0|0
01915956|158|38|1015|1868959|1869000|287|0|-287|917802|917802|917802|3|0|0|0
01915956|159|38|1015|1869091|1869000|132|0|-132|917802|917802|917802|3|1|0|0
01915956|160|38|57|1908405|1908000|39314|39000|-314|917802|917802|917802|3|0|0|0
01915956|161|38|908|1908599|1909000|194|1000|806|917802|917802|917802|3|0|0|0
01915956|162|38|908|1911265|1911000|2666|2000|-666|917802|917802|917802|3|1|0|0
01915956|163|38|59|1914528|1915000|3263|4000|737|917802|917802|917802|3|0|0|1
01915956|164|38|59|1914544|1915000|16|0|-16|917802|917802|917802|3|0|0|1
01965628|165|39|59|1924519|1925000|9975|10000|25|917802|917802|917802|3|0|0|1
01965628|166|39|59|1924544|1925000|25|0|-25|917802|917802|917802|3|0|0|1
01965628|167|39|59|1924549|1925000|5|0|-5|917802|917802|917802|3|0|0|1
01965628|168|39|59|1924556|1925000|7|0|-7|917802|917802|917802|3|0|0|1
01965628|169|39|59|1934031|1934000|9475|9000|-475|917802|917802|917802|3|0|0|1
01965628|170|39|59|1934051|1934000|20|0|-20|917802|917802|917802|3|0|0|1
01965628|171|39|59|1934060|1934000|9|0|-9|917802|917802|917802|3|0|0|1
01965628|172|39|59|1934068|1934000|8|0|-8|917802|917802|917802|3|0|0|1
01965628|173|39|191|1936225|1936000|2157|2000|-157|917802|917802|917802|3|1|0|0
01965628|174|39|193|1944506|1944000|8281|8000|-281|917802|917802|917802|3|1|0|1
01965628|175|39|59|1944525|1945000|19|1000|981|917802|917802|917802|3|0|0|1
01965628|176|39|193|1955054|1955000|10529|10000|-529|917802|917802|917802|3|1|0|1
01965628|177|39|59|1955115|1956000|61|1000|939|917802|917802|917802|3|0|0|1
01965628|178|39|59|1955128|1956000|13|0|-13|917802|917802|917802|3|0|0|1
01965628|179|39|59|1955137|1956000|9|0|-9|917802|917802|917802|3|0|0|1
02015124|180|40|193|1965752|1966000|10615|10000|-615|917802|917802|917802|3|1|0|1
02015124|181|40|59|1965764|1966000|12|0|-12|917802|917802|917802|3|0|0|1
02015124|182|40|59|1965776|1966000|12|0|-12|917802|917802|917802|3|0|0|1
02015124|183|40|59|1965782|1966000|6|0|-6|917802|917802|917802|3|0|0|1
02015124|184|40|350|1969555|1970000|3773|4000|227|917802|917802|917802|3|1|0|0
02015124|185|40|352|1974753|1975000|5198|5000|-198|917802|917802|917802|3|1|0|1
02015124|186|40|59|1974773|1975000|20|0|-20|917802|917802|917802|3|0|0|1
02015124|187|40|352|1985302|1985000|10529|10000|-529|917802|917802|917802|3|1|0|1
02015124|188|40|59|1985324|1985000|22|0|-22|917802|917802|917802|3|0|0|1
02015124|189|40|352|1995550|1996000|10226|11000|774|917802|917802|917802|3|1|0|1
02015124|190|40|59|1995566|1996000|16|0|-16|917802|917802|917802|3|0|0|1
02015124|191|40|293|1999111|1999000|3545|3000|-545|917802|917802|917802|3|1|0|0
02015124|192|40|295|2005433|2006000|6322|7000|678|917802|917802|917802|3|1|0|1
02015124|193|40|59|2005466|2006000|33|0|-33|917802|917802|917802|3|0|0|1
02065097|194|41|295|2015220|2015000|9754|9000|-754|917802|917802|917802|3|1|0|1
02065097|195|41|59|2015230|2015000|10|0|-10|917802|917802|917802|3|0|0|1
02065097|196|41|295|2025588|2026000|10358|11000|642|917802|917802|917802|3|1|0|1
02065097|197|41|59|2025621|2026000|33|0|-33|917802|917802|917802|3|0|0|1
02065097|198|41|389|2033644|2034000|8023|8000|-23|917802|917802|917802|3|1|0|0
02065097|199|41|391|2034890|2035000|1246|1000|-246|917802|917802|917802|3|1|0|1
02065097|200|41|391|2045127|2045000|10237|10000|-237|917802|917802|917802|3|1|0|1
02065097|201|41|391|2055694|2056000|10567|11000|433|917802|917802|917802|3|1|0|1
02115363|202|42|391|2064926|2065000|9232|9000|-232|917802|917802|917802|3|1|0|1
02115363|203|42|259|2064943|2065000|17|0|-17|917802|917802|917802|3|1|0|0
02115363|204|42|261|2075485|2076000|10542|11000|458|917802|917802|917802|3|1|0|1
02115363|205|42|59|2075525|2076000|40|0|-40|917802|917802|917802|3|0|0|1
02115363|206|42|59|2075531|2076000|6|0|-6|917802|917802|917802|3|0|0|1
02115363|207|42|261|2085364|2085000|9833|9000|-833|917802|917802|917802|3|1|0|1
02115363|208|42|59|2085415|2085000|51|0|-51|917802|917802|917802|3|0|0|1
02115363|209|42|59|2085426|2085000|11|0|-11|917802|917802|917802|3|0|0|1
02115363|210|42|261|2095778|2096000|10352|11000|648|917802|917802|917802|3|1|0|1
02115363|211|42|59|2095829|2096000|51|0|-51|917802|917802|917802|3|0|0|1
02115363|212|42|59|2095846|2096000|17|0|-17|917802|917802|917802|3|0|0|1
02115363|213|42|449|2102508|2102000|6662|6000|-662|917802|917802|917802|3|1|0|0
02115363|214|42|261|2106828|2107000|4320|5000|680|917802|917802|917802|3|1|0|1
02115363|215|42|59|2106862|2107000|34|0|-34|917802|917802|917802|3|0|0|1
02115363|216|42|59|2106871|2107000|9|0|-9|917802|917802|917802|3|0|0|1
02165363|217|43|261|2117599|2118000|10728|11000|272|917802|917802|917802|3|1|0|1
02165363|218|43|59|2117631|2118000|32|0|-32|917802|917802|917802|3|0|0|1
02165363|219|43|59|2117640|2118000|9|0|-9|917802|917802|917802|3|0|0|1
02165363|220|43|261|2126932|2127000|9292|9000|-292|917802|917802|917802|3|1|0|1
02165363|221|43|59|2126954|2127000|22|0|-22|917802|917802|917802|3|0|0|1
02165363|222|43|59|2126963|2127000|9|0|-9|917802|917802|917802|3|0|0|1
02165363|223|43|255|2131095|2131000|4132|4000|-132|917802|917802|917802|3|1|0|0
02165363|224|43|257|2137332|2137000|6237|6000|-237|917802|917802|917802|3|1|0|1
02165363|225|43|59|2137350|2137000|18|0|-18|917802|917802|917802|3|0|0|1
02165363|226|43|59|2137381|2137000|31|0|-31|917802|917802|917802|3|0|0|1
02165363|227|43|257|2147609|2148000|10228|11000|772|917802|917802|917802|3|1|0|1
02165363|228|43|59|2147626|2148000|17|0|-17|917802|917802|917802|3|0|0|1
02165363|229|43|59|2147637|2148000|11|0|-11|917802|917802|917802|3|0|0|1
02165363|230|43|257|2157122|2157000|9485|9000|-485|917802|917802|917802|3|1|0|1
02165363|231|43|59|2157172|2157000|50|0|-50|917802|917802|917802|3|0|0|1
02165363|232|43|59|2157188|2157000|16|0|-16|917802|917802|917802|3|0|0|1
02215610|233|44|625|2165574|2165000|8386|8000|-386|917802|917802|917802|3|1|0|0
02215610|234|44|257|2166750|2167000|1176|2000|824|917802|917802|917802|3|1|0|1
02215610|235|44|257|2177091|2177000|10341|10000|-341|917802|917802|917802|3|1|0|1
02215610|236|44|257|2187530|2188000|10439|11000|561|917802|917802|917802|3|1|0|1
02215610|237|44|257|2196986|2197000|9456|9000|-456|917802|917802|917802|3|1|0|1
02215610|238|44|529|2197051|2197000|65|0|-65|917802|917802|917802|3|1|0|0
02215610|239|44|257|2207650|2208000|10599|11000|401|917802|917802|917802|3|1|0|1
02265533|240|45|257|2216881|2217000|9231|9000|-231|917802|917802|917802|3|1|0|1
02265533|241|45|257|2227284|2227000|10403|10000|-403|917802|917802|917802|3|1|0|1
02265533|242|45|629|2234636|2235000|7352|8000|648|917802|917802|917802|3|1|0|0
02265533|243|45|257|2236902|2237000|2266|2000|-266|917802|917802|917802|3|1|0|1
02265533|244|45|257|2247149|2247000|10247|10000|-247|917802|917802|917802|3|1|0|1
02265533|245|45|257|2257695|2258000|10546|11000|454|917802|917802|917802|3|1|0|1
02265533|246|45|461|2264985|2265000|7290|7000|-290|917802|917802|917802|3|1|0|0
02315870|247|46|257|2267703|2268000|2718|3000|282|917802|917802|917802|3|1|0|1
02315870|248|46|257|2278074|2278000|10371|10000|-371|917802|917802|917802|3|1|0|1
02315870|249|46|257|2288604|2289000|10530|11000|470|917802|917802|917802|3|1|0|1
02315870|250|46|257|2297808|2298000|9204|9000|-204|917802|917802|917802|3|1|0|1
02315870|251|46|728|2299944|2300000|2136|2000|-136|917802|917802|917802|3|1|0|0
02315870|252|46|257|2308348|2308000|8404|8000|-404|917802|917802|917802|3|1|0|1
02365768|253|47|257|2318158|2318000|9810|10000|190|917802|917802|917802|3|1|0|1
02365768|254|47|257|2328759|2329000|10601|11000|399|917802|917802|917802|3|1|0|1
02365768|255|47|592|2330401|2330000|1642|1000|-642|917802|917802|917802|3|1|0|0
02365768|256|47|257|2338897|2339000|8496|9000|504|917802|917802|917802|3|1|0|1
02365768|257|47|257|2348288|2348000|9391|9000|-391|917802|917802|917802|3|1|0|1
02365768|258|47|257|2358740|2359000|10452|11000|548|917802|917802|917802|3|1|0|1
02365768|259|47|607|2362406|2362000|3666|3000|-666|917802|917802|917802|3|1|0|0
02416044|260|48|257|2368016|2368000|5610|6000|390|917802|917802|917802|3|1|0|1
02416044|261|48|257|2378487|2379000|10471|11000|529|917802|917802|917802|3|1|0|1
02416044|262|48|257|2388038|2388000|9551|9000|-551|917802|917802|917802|3|1|0|1
02416044|263|48|257|2397925|2398000|9887|10000|113|917802|917802|917802|3|1|0|1
02416044|264|48|257|2408339|2409000|10414|11000|586|917802|917802|917802|3|1|0|1
02466090|265|49|257|2418395|2418000|10056|9000|-1056|917802|917802|917802|3|1|0|1
02466090|266|49|257|2428681|2429000|10286|11000|714|917802|917802|917802|3|1|0|1
02466090|267|49|360|2430051|2430000|1370|1000|-370|917802|917802|917802|3|1|0|0
02466090|268|49|362|2439435|2440000|9384|10000|616|917802|917802|917802|3|1|0|1
02466090|269|49|362|2448825|2449000|9390|9000|-390|917802|917802|917802|3|1|0|1
02466090|270|49|608|2458262|2458000|9437|9000|-437|917802|917802|917802|3|1|0|0
02466090|271|49|362|2459483|2459000|1221|1000|-221|917802|917802|917802|3|1|0|1
02516268|272|50|362|2469315|2469000|9832|10000|168|917802|917802|917802|1|1|0|1
02516268|273|50|362|2479561|2480000|10246|11000|754|917802|917802|917802|1|1|0|1
02516268|274|50|362|2489192|2489000|9631|9000|-631|917802|917802|917802|1|1|0|1
02516268|275|50|411|2493402|2493000|4210|4000|-210|917802|917802|917802|1|1|0|0
02516268|276|50|362|2499599|2499000|6197|6000|-197|917802|917802|917802|1|1|0|1
02516268|277|50|362|2509982|2510000|10383|11000|617|917802|917802|917802|1|1|0|1
02566210|278|51|362|2520679|2521000|10697|11000|303|917802|917802|917802|1|1|0|1
02566210|279|51|650|2524320|2524000|3641|3000|-641|917802|917802|917802|1|1|0|0
02566210|280|51|362|2530361|2530000|6041|6000|-41|917802|917802|917802|1|1|0|1
02566210|281|51|362|2540781|2541000|10420|11000|580|917802|917802|917802|1|1|0|1
02566210|282|51|362|2550169|2550000|9388|9000|-388|917802|917802|917802|1|1|0|1
02566210|283|51|442|2559741|2560000|9572|10000|428|917802|917802|917802|1|1|0|0
02566210|284|51|362|2559930|2560000|189|0|-189|917802|917802|917802|1|1|0|1
02616400|285|52|362|2570392|2570000|10462|10000|-462|917802|917802|917802|1|1|0|1
02616400|286|52|362|2580545|2580000|10153|10000|-153|917802|917802|917802|1|1|0|1
02616400|287|52|362|2591086|2591000|10541|11000|459|917802|917802|917802|1|1|0|1
02616400|288|52|605|2595191|2595000|4105|4000|-105|917802|917802|917802|1|1|0|0
02616400|289|52|362|2601643|2602000|6452|7000|548|917802|917802|917802|1|1|0|1
02616400|290|52|362|2611102|2611000|9459|9000|-459|917802|917802|917802|1|1|0|1
02666504|291|53|362|2621281|2621000|10179|10000|-179|917802|917802|917802|1|1|0|1
02666504|292|53|412|2622020|2622000|739|1000|261|917802|917802|917802|1|1|0|0
02666504|293|53|362|2631606|2631000|9586|9000|-586|917802|917802|917802|1|1|0|1
02666504|294|53|362|2641102|2641000|9496|10000|504|917802|917802|917802|1|1|0|1
02666504|295|53|362|2651797|2652000|10695|11000|305|917802|917802|917802|1|1|0|1
02666504|296|53|463|2656257|2656000|4460|4000|-460|917802|917802|917802|1|1|0|0
02666504|297|53|362|2661563|2662000|5306|6000|694|917802|917802|917802|1|1|0|1
02716687|298|54|362|2671776|2672000|10213|10000|-213|917802|917802|917802|1|1|0|1
02716687|299|54|362|2682035|2682000|10259|10000|-259|917802|917802|917802|1|1|0|1
02716687|300|54|245|2690293|2690000|8258|8000|-258|917802|917802|917802|1|1|0|0
02716687|301|54|247|2692216|2692000|1923|2000|77|917802|917802|917802|1|1|0|1
02716687|302|54|247|2702677|2703000|10461|11000|539|917802|917802|917802|1|1|0|1
02716687|303|54|247|2711970|2712000|9293|9000|-293|917802|917802|917802|1|1|0|1
02766704|304|55|247|2722181|2722000|10211|10000|-211|917802|917802|917802|1|1|0|1
02766704|305|55|597|2727170|2727000|4989|5000|11|917802|917802|917802|1|1|0|0
02766704|306|55|247|2732411|2732000|5241|5000|-241|917802|917802|917802|1|1|0|1
02766704|307|55|247|2742882|2743000|10471|11000|529|917802|917802|917802|1|1|0|1
02766704|308|55|247|2752481|2753000|9599|10000|401|917802|917802|917802|1|1|0|1
02766704|309|55|428|2758100|2758000|5619|5000|-619|917802|917802|917802|1|1|0|0
02766704|310|55|247|2762309|2762000|4209|4000|-209|917802|917802|917802|1|1|0|1
02816958|311|56|247|2772037|2772000|9728|10000|272|917802|917802|917802|1|1|0|1
02816958|312|56|247|2782288|2782000|10251|10000|-251|917802|917802|917802|1|1|0|1
02816958|313|56|592|2790402|2790000|8114|8000|-114|917802|917802|917802|1|1|0|0
02816958|314|56|247|2792332|2792000|1930|2000|70|917802|917802|917802|1|1|0|1
02816958|315|56|247|2802726|2803000|10394|11000|606|917802|917802|917802|1|1|0|1
02816958|316|56|247|2812123|2812000|9397|9000|-397|917802|917802|917802|1|1|0|1
02867026|317|57|247|2822215|2822000|10092|10000|-92|917802|917802|917802|1|1|0|1
02867026|318|57|493|2824659|2825000|2444|3000|556|917802|917802|917802|1|1|0|0
02867026|319|57|247|2831975|2832000|7316|7000|-316|917802|917802|917802|1|1|0|1
02867026|320|57|247|2842363|2842000|10388|10000|-388|917802|917802|917802|1|1|0|1
02867026|321|57|247|2852582|2853000|10219|11000|781|917802|917802|917802|1|1|0|1
02867026|322|57|574|2853488|2853000|906|0|-906|917802|917802|917802|1|1|0|0
02867026|323|57|247|2862757|2863000|9269|10000|731|917802|917802|917802|1|1|0|1
02916215|324|58|247|2873413|2873000|10656|10000|-656|917802|917802|917802|1|1|0|1
02916215|325|58|247|2883714|2884000|10301|11000|699|917802|917802|917802|1|1|0|1
02916215|326|58|304|2891339|2891000|7625|7000|-625|917802|917802|917802|1|1|0|0
02916215|327|58|306|2894646|2895000|3307|4000|693|917802|917802|917802|1|1|0|1
02916215|328|58|306|2904120|2904000|9474|9000|-474|917802|917802|917802|1|1|0|1
02916215|329|58|306|2914555|2915000|10435|11000|565|917802|917802|917802|1|1|0|1
02966402|330|59|417|2920156|2920000|5601|5000|-601|917802|917802|917802|1|1|0|0
02966402|331|59|306|2924423|2924000|4267|4000|-267|917802|917802|917802|1|1|0|1
02966402|332|59|306|2934952|2935000|10529|11000|471|917802|917802|917802|1|1|0|1
02966402|333|59|306|2945462|2946000|10510|11000|490|917802|917802|917802|1|1|0|1
02966402|334|59|453|2953460|2953000|7998|7000|-998|917802|917802|917802|1|1|0|0
02966402|335|59|306|2955611|2955000|2151|2000|-151|917802|917802|917802|1|1|0|1
02966402|336|59|306|2964779|2965000|9168|10000|832|917802|917802|917802|1|1|0|1
03016481|337|60|306|2975699|2976000|10920|11000|80|917802|917802|917802|1|1|0|1
03016481|338|60|688|2983324|2983000|7625|7000|-625|917802|917802|917802|1|1|0|0
03016481|339|60|306|2985548|2986000|2224|3000|776|917802|917802|917802|1|1|0|1
03016481|340|60|306|2994847|2995000|9299|9000|-299|917802|917802|917802|1|1|0|1
03016481|341|60|306|3005473|3006000|10626|11000|374|917802|917802|917802|1|1|0|1
03016481|342|60|306|3015301|3015000|9828|9000|-828|917802|917802|917802|1|1|0|1
03066640|343|61|466|3021700|3022000|6399|7000|601|917802|917802|917802|1|1|0|0
03066640|344|61|306|3024911|3025000|3211|3000|-211|917802|917802|917802|1|1|0|1
03066640|345|61|306|3035278|3035000|10367|10000|-367|917802|917802|917802|1|1|0|1
03066640|346|61|306|3045877|3046000|10599|11000|401|917802|917802|917802|1|1|0|1
03066640|347|61|711|3053729|3054000|7852|8000|148|917802|917802|917802|1|1|0|0
03066640|348|61|306|3056000|3056000|2271|2000|-271|917802|917802|917802|1|1|0|1
03116677|349|62|306|3066174|3066000|10174|10000|-174|917802|917802|917802|1|1|0|1
03116677|350|62|306|3076090|3076000|9916|10000|84|917802|917802|917802|1|1|0|1
03116677|351|62|306|3085894|3086000|9804|10000|196|917802|917802|917802|1|1|0|1
03116677|352|62|458|3086373|3086000|479|0|-479|917802|917802|917802|1|1|0|0
03116677|353|62|306|3096585|3097000|10212|11000|788|917802|917802|917802|1|1|0|1
03116677|354|62|306|3105767|3106000|9182|9000|-182|917802|917802|917802|1|1|0|1
03166658|355|63|306|3116386|3116000|10619|10000|-619|917802|917802|917802|1|1|0|1
03166658|356|63|676|3116419|3116000|33|0|-33|917802|917802|917802|1|1|0|0
03166658|357|63|306|3126089|3126000|9670|10000|330|917802|917802|917802|1|1|0|1
03166658|358|63|306|3136538|3136000|10449|10000|-449|917802|917802|917802|1|1|0|1
03166658|359|63|306|3146996|3147000|10458|11000|542|917802|917802|917802|1|1|0|1
03166658|360|63|70|3148293|3148000|1297|1000|-297|917802|917802|917802|1|1|0|0
03166658|361|63|72|3157714|3158000|9421|10000|579|917802|917802|917802|1|1|0|1
03166658|362|63|306|3157768|3158000|54|0|-54|917802|917802|917802|1|1|0|1
03216815|363|64|72|3166707|3167000|8939|9000|61|917802|917802|917802|1|1|0|1
03216815|364|64|306|3166713|3167000|6|0|-6|917802|917802|917802|1|1|0|1
03216815|365|64|72|3177182|3177000|10469|10000|-469|917802|917802|917802|1|1|0|1
03216815|366|64|306|3177231|3178000|49|1000|951|917802|917802|917802|1|1|0|1
03216815|367|64|393|3182976|3183000|5745|5000|-745|917802|917802|917802|1|1|0|0
03216815|368|64|395|3187116|3187000|4140|4000|-140|917802|917802|917802|1|1|0|1
03216815|369|64|395|3198720|3203000|11604|16000|4396|917802|917802|917802|1|1|0|1
03216815|370|64|395|3208650|3209000|9930|6000|-3930|917802|917802|917802|1|1|0|1
03266836|371|65|770|3217282|3217000|8632|8000|-632|917802|917802|917802|1|1|0|0
03266836|372|65|395|3218432|3218000|1150|1000|-150|917802|917802|917802|1|1|0|1
03266836|373|65|395|3228581|3228000|10149|10000|-149|917802|917802|917802|1|1|0|1
03266836|374|65|395|3238143|3238000|9562|10000|438|917802|917802|917802|1|1|0|1
03266836|375|65|395|3247934|3248000|9791|10000|209|917802|917802|917802|1|1|0|1
03266836|376|65|731|3247990|3248000|56|0|-56|917802|917802|917802|1|1|0|0
03266836|377|65|395|3258614|3259000|10624|11000|376|917802|917802|917802|1|1|0|1
03316040|378|66|395|3268033|3268000|9419|9000|-419|917802|917802|917802|1|1|0|1
03316040|379|66|395|3277958|3278000|9925|10000|75|917802|917802|917802|1|1|0|1
03316040|380|66|510|3278286|3278000|328|0|-328|917802|917802|917802|1|1|0|0
03316040|381|66|395|3288700|3289000|10414|11000|586|917802|917802|917802|1|1|0|1
03316040|382|66|395|3298187|3298000|9487|9000|-487|917802|917802|917802|1|1|0|1
03316040|383|66|395|3308599|3309000|10412|11000|588|917802|917802|917802|1|1|0|1
03316040|384|66|711|3311214|3311000|2615|2000|-615|917802|917802|917802|1|1|0|0
03366374|385|67|395|3318406|3318000|7192|7000|-192|917802|917802|917802|1|1|0|1
03366374|386|67|395|3328824|3329000|10418|11000|582|917802|917802|917802|1|1|0|1
03366374|387|67|395|3339224|3339000|10400|10000|-400|917802|917802|917802|1|1|0|1
03366374|388|67|395|3349141|3349000|9917|10000|83|917802|917802|917802|1|1|0|1
03366374|389|67|481|3349338|3349000|197|0|-197|917802|917802|917802|1|1|0|0
03366374|390|67|395|3359730|3360000|10392|11000|608|917802|917802|917802|1|1|0|1
03416379|391|68|395|3369857|3370000|10127|10000|-127|917802|917802|917802|1|1|0|1
03416379|392|68|395|3379385|3380000|9528|10000|472|917802|917802|917802|1|1|0|1
03416379|393|68|735|3382646|3383000|3261|3000|-261|917802|917802|917802|1|1|0|0
03416379|394|68|395|3389746|3390000|7100|7000|-100|917802|917802|917802|1|1|0|1
03416379|395|68|395|3409708|3410000|19962|20000|38|917802|917802|917802|1|1|0|1
03466786|396|69|395|3419123|3419000|9415|9000|-415|917802|917802|917802|1|1|0|1
03466786|397|69|57|3419187|3419000|64|0|-64|917802|917802|917802|1|0|0|0
03466786|398|69|1133|3419373|3419000|186|0|-186|917802|917802|917802|1|0|0|0
03466786|399|69|1134|3422161|3422000|2788|3000|212|917802|917802|917802|1|1|0|0
03466786|400|69|59|3429725|3430000|7564|8000|436|917802|917802|917802|1|0|0|1
03466786|401|69|59|3429734|3430000|9|0|-9|917802|917802|917802|1|0|0|1
03466786|402|69|59|3429739|3430000|5|0|-5|917802|917802|917802|1|0|0|1
03466786|403|69|59|3429742|3430000|3|0|-3|917802|917802|917802|1|0|0|1
03466786|404|69|59|3429746|3430000|4|0|-4|917802|917802|917802|1|0|0|1
03466786|405|69|59|3429749|3430000|3|0|-3|917802|917802|917802|1|0|0|1
03466786|406|69|59|3441693|3442000|11944|12000|56|917802|917802|917802|1|0|0|1
03466786|407|69|59|3441702|3442000|9|0|-9|917802|917802|917802|1|0|0|1
03466786|408|69|59|3441707|3442000|5|0|-5|917802|917802|917802|1|0|0|1
03466786|409|69|59|3441713|3442000|6|0|-6|917802|917802|917802|1|0|0|1
03466786|410|69|59|3441718|3442000|5|0|-5|917802|917802|917802|1|0|0|1
03466786|411|69|59|3441723|3442000|5|0|-5|917802|917802|917802|1|0|0|1
03466786|412|69|283|3443537|3443000|1814|1000|-814|917802|917802|917802|1|1|0|0
03466786|413|69|285|3451072|3451000|7535|8000|465|917802|917802|917802|1|1|0|1
03466786|414|69|59|3451088|3451000|16|0|-16|917802|917802|917802|1|0|0|1
03466786|415|69|59|3451095|3451000|7|0|-7|917802|917802|917802|1|0|0|1
03466786|416|69|285|3461654|3462000|10559|11000|441|917802|917802|917802|1|1|0|1
03466786|417|69|59|3461689|3462000|35|0|-35|917802|917802|917802|1|0|0|1
03466786|418|69|59|3461711|3462000|22|0|-22|917802|917802|917802|1|0|0|1
03516535|419|70|285|3471188|3471000|9477|9000|-477|917802|917802|917802|1|1|0|1
03516535|420|70|59|3471220|3472000|32|1000|968|917802|917802|917802|1|0|0|1
03516535|421|70|59|3471236|3472000|16|0|-16|917802|917802|917802|1|0|0|1
03516535|422|70|413|3475696|3476000|4460|4000|-460|917802|917802|917802|1|1|0|0
03516535|423|70|285|3480869|3481000|5173|5000|-173|917802|917802|917802|1|1|0|1
03516535|424|70|59|3480879|3481000|10|0|-10|917802|917802|917802|1|0|0|1
03516535|425|70|59|3480885|3481000|6|0|-6|917802|917802|917802|1|0|0|1
03516535|426|70|285|3491357|3492000|10472|11000|528|917802|917802|917802|1|1|0|1
03516535|427|70|59|3491407|3492000|50|0|-50|917802|917802|917802|1|0|0|1
03516535|428|70|59|3491433|3492000|26|0|-26|917802|917802|917802|1|0|0|1
03516535|429|70|285|3500788|3501000|9355|9000|-355|917802|917802|917802|1|1|0|1
03516535|430|70|59|3500796|3501000|8|0|-8|917802|917802|917802|1|0|0|1
03516535|431|70|59|3500800|3501000|4|0|-4|917802|917802|917802|1|0|0|1
03516535|432|70|291|3509209|3509000|8409|8000|-409|917802|917802|917802|1|1|0|0
03516535|433|70|293|3511383|3511000|2174|2000|-174|917802|917802|917802|1|1|0|1
03516535|434|70|59|3511398|3511000|15|0|-15|917802|917802|917802|1|0|0|1
03516535|435|70|59|3511407|3511000|9|0|-9|917802|917802|917802|1|0|0|1
03567144|436|71|293|3521708|3522000|10301|11000|699|917802|917802|917802|1|1|0|1
03567144|437|71|59|3521721|3522000|13|0|-13|917802|917802|917802|1|0|0|1
03567144|438|71|59|3521729|3522000|8|0|-8|917802|917802|917802|1|0|0|1
03567144|439|71|293|3532043|3532000|10314|10000|-314|917802|917802|917802|1|1|0|1
03567144|440|71|59|3532058|3532000|15|0|-15|917802|917802|917802|1|0|0|1
03567144|441|71|59|3532063|3532000|5|0|-5|917802|917802|917802|1|0|0|1
03567144|442|71|423|3540581|3540000|8518|8000|-518|917802|917802|917802|1|1|0|0
03567144|443|71|293|3541861|3542000|1280|2000|720|917802|917802|917802|1|1|0|1
03567144|444|71|59|3541885|3542000|24|0|-24|917802|917802|917802|1|0|0|1
03567144|445|71|59|3541898|3542000|13|0|-13|917802|917802|917802|1|0|0|1
03567144|446|71|293|3552496|3553000|10598|11000|402|917802|917802|917802|1|1|0|1
03567144|447|71|59|3552547|3553000|51|0|-51|917802|917802|917802|1|0|0|1
03567144|448|71|59|3552569|3553000|22|0|-22|917802|917802|917802|1|0|0|1
03567144|449|71|293|3562233|3562000|9664|9000|-664|917802|917802|917802|1|1|0|1
03567144|450|71|59|3562275|3563000|42|1000|958|917802|917802|917802|1|0|0|1
03567144|451|71|59|3562283|3563000|8|0|-8|917802|917802|917802|1|0|0|1
03617076|452|72|293|3572445|3573000|10162|10000|-162|917802|917802|917802|1|1|0|1
03617076|453|72|59|3572476|3573000|31|0|-31|917802|917802|917802|1|0|0|1
03617076|454|72|59|3572486|3573000|10|0|-10|917802|917802|917802|1|0|0|1
03617076|455|72|298|3574750|3575000|2264|2000|-264|917802|917802|917802|1|1|0|0
03617076|456|72|300|3582071|3582000|7321|7000|-321|917802|917802|917802|1|1|0|1
03617076|457|72|59|3582095|3582000|24|0|-24|917802|917802|917802|1|0|0|1
03617076|458|72|300|3592640|3593000|10545|11000|455|917802|917802|917802|1|1|0|1
03617076|459|72|59|3592728|3593000|88|0|-88|917802|917802|917802|1|0|0|1
03617076|460|72|300|3602465|3603000|9737|10000|263|917802|917802|917802|1|1|0|1
03617076|461|72|59|3602535|3603000|70|0|-70|917802|917802|917802|1|0|0|1
03617076|462|72|449|3606646|3607000|4111|4000|-111|917802|917802|917802|1|1|0|0
03617076|463|72|300|3611972|3612000|5326|5000|-326|917802|917802|917802|1|1|0|1
03617076|464|72|59|3611999|3612000|27|0|-27|917802|917802|917802|1|0|0|1
03666952|465|73|300|3622466|3623000|10467|11000|533|917802|917802|917802|1|1|0|1
03666952|466|73|59|3622497|3623000|31|0|-31|917802|917802|917802|1|0|0|1
03666952|467|73|300|3631915|3632000|9418|9000|-418|917802|917802|917802|1|1|0|1
03666952|468|73|59|3631945|3632000|30|0|-30|917802|917802|917802|1|0|0|1
03666952|469|73|294|3636849|3637000|4904|5000|96|917802|917802|917802|1|1|0|0
03666952|470|73|296|3642060|3642000|5211|5000|-211|917802|917802|917802|1|1|0|1
03666952|471|73|59|3642081|3642000|21|0|-21|917802|917802|917802|1|0|0|1
03666952|472|73|296|3652517|3653000|10436|11000|564|917802|917802|917802|1|1|0|1
03666952|473|73|59|3652552|3653000|35|0|-35|917802|917802|917802|1|0|0|1
03666952|474|73|296|3662045|3662000|9493|9000|-493|917802|917802|917802|1|1|0|1
03666952|475|73|59|3662070|3662000|25|0|-25|917802|917802|917802|1|0|0|1
03717795|476|74|296|3672147|3672000|10077|10000|-77|917802|917802|917802|1|1|0|1
03717795|477|74|59|3672166|3672000|19|0|-19|917802|917802|917802|1|0|0|1
03717795|478|74|752|3674444|3674000|2278|2000|-278|917802|917802|917802|1|1|0|0
03717795|479|74|296|3682596|3682000|8152|8000|-152|917802|917802|917802|1|1|0|1
03717795|480|74|296|3695009|3695000|12413|13000|587|917802|917802|917802|1|1|0|1
03717795|481|74|296|3703757|3704000|8748|9000|252|917802|917802|917802|1|1|0|1
03717795|482|74|481|3706828|3707000|3071|3000|-71|917802|917802|917802|1|1|0|0
03767286|483|75|296|3713305|3714000|6477|7000|523|917802|917802|917802|2|1|0|1
03767286|484|75|296|3723084|3723000|9779|9000|-779|917802|917802|917802|2|1|0|1
03767286|485|75|296|3733412|3733000|10328|10000|-328|917802|917802|917802|2|1|0|1
03767286|486|75|691|3739513|3739000|6101|6000|-101|917802|917802|917802|2|1|0|0
03767286|487|75|296|3743835|3744000|4322|5000|678|917802|917802|917802|2|1|0|1
03767286|488|75|296|3754076|3754000|10241|10000|-241|917802|917802|917802|2|1|0|1
03767286|489|75|296|3764193|3764000|10117|10000|-117|917802|917802|917802|2|1|0|1
03817371|490|76|464|3768431|3768000|4238|4000|-238|917802|917802|917802|2|1|0|0
03817371|491|76|296|3774697|3775000|6266|7000|734|917802|917802|917802|2|1|0|1
03817371|492|76|296|3783850|3784000|9153|9000|-153|917802|917802|917802|2|1|0|1
03817371|493|76|296|3794007|3794000|10157|10000|-157|917802|917802|917802|2|1|0|1
03817371|494|76|706|3802767|3803000|8760|9000|240|917802|917802|917802|2|1|0|0
03817371|495|76|296|3803971|3804000|1204|1000|-204|917802|917802|917802|2|1|0|1
03817371|496|76|296|3813816|3814000|9845|10000|155|917802|917802|917802|2|1|0|1
03867457|497|77|296|3824487|3824000|10671|10000|-671|917802|917802|917802|2|1|0|1
03867457|498|77|296|3834828|3835000|10341|11000|659|917802|917802|917802|2|1|0|1
03867457|499|77|462|3837683|3838000|2855|3000|145|917802|917802|917802|2|1|0|0
03867457|500|77|296|3843898|3844000|6215|6000|-215|917802|917802|917802|2|1|0|1
03867457|501|77|296|3854008|3854000|10110|10000|-110|917802|917802|917802|2|1|0|1
03867457|502|77|296|3864105|3864000|10097|10000|-97|917802|917802|917802|2|1|0|1
03917789|503|78|636|3869348|3869000|5243|5000|-243|917802|917802|917802|2|1|0|0
03917789|504|78|296|3873797|3874000|4449|5000|551|917802|917802|917802|2|1|0|1
03917789|505|78|296|3883902|3884000|10105|10000|-105|917802|917802|917802|2|1|0|1
03917789|506|78|296|3894107|3894000|10205|10000|-205|917802|917802|917802|2|1|0|1
03917789|507|78|415|3902251|3902000|8144|8000|-144|917802|917802|917802|2|1|0|0
03917789|508|78|296|3904429|3904000|2178|2000|-178|917802|917802|917802|2|1|0|1
03917789|509|78|296|3914601|3915000|10172|11000|828|917802|917802|917802|2|1|0|1
03968018|510|79|296|3924066|3924000|9465|9000|-465|917802|917802|917802|2|1|0|1
03968018|511|79|296|3933974|3934000|9908|10000|92|917802|917802|917802|2|1|0|1
03968018|512|79|704|3936955|3937000|2981|3000|19|917802|917802|917802|2|1|0|0
03968018|513|79|296|3944258|3944000|7303|7000|-303|917802|917802|917802|2|1|0|1
03968018|514|79|296|3954487|3954000|10229|10000|-229|917802|917802|917802|2|1|0|1
03968018|515|79|296|3964735|3965000|10248|11000|752|917802|917802|917802|2|1|0|1
04018754|516|80|504|3971482|3971000|6747|6000|-747|917802|917802|917802|2|1|0|0
04018754|517|80|697|4007212|4007000|35730|36000|270|917802|917802|917802|2|1|0|0
04068789|518|81|527|4038421|4038000|31209|31000|-209|917802|917802|917802|2|1|0|0
04119198|519|82|763|4073142|4073000|34721|35000|279|917802|917802|917802|2|1|0|0
04119198|520|82|435|4101224|4101000|28082|28000|-82|917802|917802|917802|2|1|0|0
04168608|521|83|636|4135957|4136000|34733|35000|267|917802|917802|917802|2|1|0|0
04218746|522|84|382|4171708|4172000|35751|36000|249|917802|917802|917802|2|1|0|0
04218746|523|84|384|4177978|4178000|6270|6000|-270|917802|917802|917802|2|1|0|1
04218746|524|84|384|4188310|4188000|10332|10000|-332|917802|917802|917802|2|1|0|1
04218746|525|84|384|4198776|4199000|10466|11000|534|917802|917802|917802|2|1|0|1
04218746|526|84|384|4208499|4209000|9723|10000|277|917802|917802|917802|2|1|0|1
04218746|527|84|922|4209054|4209000|555|0|-555|917802|917802|917802|2|1|0|0
04268533|528|85|384|4218203|4218000|9149|9000|-149|917802|917802|917802|2|1|0|1
04268533|529|85|384|4228281|4228000|10078|10000|-78|917802|917802|917802|2|1|0|1
04268533|530|85|478|4237433|4237000|9152|9000|-152|917802|917802|917802|2|1|0|0
04268533|531|85|384|4238409|4238000|976|1000|24|917802|917802|917802|2|1|0|1
04268533|532|85|384|4248668|4249000|10259|11000|741|917802|917802|917802|2|1|0|1
04268533|533|85|384|4258149|4258000|9481|9000|-481|917802|917802|917802|2|1|0|1
04268533|534|85|638|4267507|4267000|9358|9000|-358|917802|917802|917802|2|1|0|0
04319138|535|86|384|4268630|4269000|1123|2000|877|917802|917802|917802|2|1|0|1
04319138|536|86|384|4277860|4278000|9230|9000|-230|917802|917802|917802|2|1|0|1
04319138|537|86|384|4288351|4288000|10491|10000|-491|917802|917802|917802|2|1|0|1
04319138|538|86|480|4294273|4294000|5922|6000|78|917802|917802|917802|2|1|0|0
04319138|539|86|384|4298406|4298000|4133|4000|-133|917802|917802|917802|2|1|0|1
04319138|540|86|384|4308813|4309000|10407|11000|593|917802|917802|917802|2|1|0|1
04368940|541|87|384|4318235|4318000|9422|9000|-422|917802|917802|917802|2|1|0|1
04368940|542|87|384|4328576|4329000|10341|11000|659|917802|917802|917802|2|1|0|1
04368940|543|87|384|4338292|4338000|9716|9000|-716|917802|917802|917802|2|1|0|1
04368940|544|87|712|4338310|4338000|18|0|-18|917802|917802|917802|2|1|0|0
04368940|545|87|384|4348033|4348000|9723|10000|277|917802|917802|917802|2|1|0|1
04368940|546|87|384|4358497|4359000|10464|11000|536|917802|917802|917802|2|1|0|1
04368940|547|87|253|4366740|4367000|8243|8000|-243|917802|917802|917802|2|1|0|0
04368940|548|87|255|4367820|4368000|1080|1000|-80|917802|917802|917802|2|1|0|1
04419623|549|88|255|4378121|4378000|10301|10000|-301|917802|917802|917802|2|1|0|1
04419623|550|88|255|4388378|4388000|10257|10000|-257|917802|917802|917802|2|1|0|1
04419623|551|88|725|4397415|4397000|9037|9000|-37|917802|917802|917802|2|1|0|0
04419623|552|88|255|4398634|4399000|1219|2000|781|917802|917802|917802|2|1|0|1
04419623|553|88|255|4408067|4408000|9433|9000|-433|917802|917802|917802|2|1|0|1
04469415|554|89|255|4418507|4419000|10440|11000|560|917802|917802|917802|2|1|0|1
04469415|555|89|494|4427740|4428000|9233|9000|-233|917802|917802|917802|2|1|0|0
04469415|556|89|255|4427865|4428000|125|0|-125|917802|917802|917802|2|1|0|1
04469415|557|89|255|4438054|4438000|10189|10000|-189|917802|917802|917802|2|1|0|1
04469415|558|89|255|4448401|4449000|10347|11000|653|917802|917802|917802|2|1|0|1
04469415|559|89|255|4458078|4458000|9677|9000|-677|917802|917802|917802|2|1|0|1
04469415|560|89|255|4468223|4468000|10145|10000|-145|917802|917802|917802|2|1|0|1
04469415|561|89|765|4468238|4468000|15|0|-15|917802|917802|917802|2|1|0|0
04520211|562|90|255|4478272|4478000|10034|10000|-34|917802|917802|917802|2|1|0|1
04520211|563|90|255|4488227|4488000|9955|10000|45|917802|917802|917802|2|1|0|1
04520211|564|90|491|4495339|4495000|7112|7000|-112|917802|917802|917802|2|1|0|0
04520211|565|90|255|4498493|4498000|3154|3000|-154|917802|917802|917802|2|1|0|1
04520211|566|90|255|4508920|4509000|10427|11000|573|917802|917802|917802|2|1|0|1
04570103|567|91|255|4519652|4520000|10732|11000|268|917802|917802|917802|3|1|0|1
04570103|568|91|255|4528975|4529000|9323|9000|-323|917802|917802|917802|3|1|0|1
04570103|569|91|745|4529020|4529000|45|0|-45|917802|917802|917802|3|1|0|0
04570103|570|91|255|4539273|4539000|10253|10000|-253|917802|917802|917802|3|1|0|1
04570103|571|91|255|4549494|4549000|10221|10000|-221|917802|917802|917802|3|1|0|1
04570103|572|91|471|4558799|4559000|9305|10000|695|917802|917802|917802|3|1|0|0
04570103|573|91|255|4558916|4559000|117|0|-117|917802|917802|917802|3|1|0|1
04620218|574|92|255|4569186|4569000|10270|10000|-270|917802|917802|917802|3|1|0|1
04620218|575|92|255|4579625|4580000|10439|11000|561|917802|917802|917802|3|1|0|1
04620218|576|92|255|4589178|4589000|9553|9000|-553|917802|917802|917802|3|1|0|1
04620218|577|92|688|4589808|4590000|630|1000|370|917802|917802|917802|3|1|0|0
04620218|578|92|255|4598967|4599000|9159|9000|-159|917802|917802|917802|3|1|0|1
04620218|579|92|255|4609447|4610000|10480|11000|520|917802|917802|917802|3|1|0|1
04620218|580|92|255|4618879|4619000|9432|9000|-432|917802|917802|917802|3|1|0|1
04670134|581|93|444|4626664|4627000|7785|8000|215|917802|917802|917802|3|1|0|0
04670134|582|93|255|4628852|4629000|2188|2000|-188|917802|917802|917802|3|1|0|1
04670134|583|93|255|4639048|4639000|10196|10000|-196|917802|917802|917802|3|1|0|1
04670134|584|93|255|4649265|4649000|10217|10000|-217|917802|917802|917802|3|1|0|1
04670134|585|93|255|4659815|4660000|10550|11000|450|917802|917802|917802|3|1|0|1
04670134|586|93|664|4664640|4665000|4825|5000|175|917802|917802|917802|3|1|0|0
04670134|587|93|255|4668992|4669000|4352|4000|-352|917802|917802|917802|3|1|0|1
04721085|588|94|255|4679525|4680000|10533|11000|467|917802|917802|917802|3|1|0|1
04721085|589|94|255|4689065|4689000|9540|9000|-540|917802|917802|917802|3|1|0|1
04721085|590|94|420|4690594|4691000|1529|2000|471|917802|917802|917802|3|1|0|0
04770877|591|95|804|4727401|4727000|36807|36000|-807|917802|917802|917802|3|1|0|0
04770877|592|95|488|4757570|4758000|30169|31000|831|917802|917802|917802|3|1|0|0
04821019|593|96|712|4797564|4798000|39994|40000|6|917802|917802|917802|3|1|0|0
04870867|594|97|621|4825754|4826000|28190|28000|-190|917802|917802|917802|3|1|0|0
04870867|595|97|655|4861639|4862000|35885|36000|115|917802|917802|917802|3|1|0|0
04921331|596|98|434|4889610|4890000|27971|28000|29|917802|917802|917802|3|1|0|0
04971329|597|99|598|4924960|4925000|35350|35000|-350|917802|917802|917802|3|1|0|0
04971329|598|99|388|4957341|4957000|32381|32000|-381|917802|917802|917802|3|1|0|0
04971329|599|99|390|4959501|4959000|2160|2000|-160|917802|917802|917802|3|1|0|1
04971329|600|99|390|4969875|4970000|10374|11000|626|917802|917802|917802|3|1|0|1
05021530|601|100|390|4980699|4981000|10824|11000|176|917802|917802|917802|3|1|0|1
05021530|602|100|390|4990065|4990000|9366|9000|-366|917802|917802|917802|3|1|0|1
05021530|603|100|744|4998578|4999000|8513|9000|487|917802|917802|917802|3|1|0|0
05021530|604|100|390|4999938|5000000|1360|1000|-360|917802|917802|917802|3|1|0|1
05021530|605|100|390|5010501|5011000|10563|11000|437|917802|917802|917802|3|1|0|1
05021530|606|100|390|5020135|5020000|9634|9000|-634|917802|917802|917802|3|1|0|1
05071632|607|101|532|5024860|5025000|4725|5000|275|917802|917802|917802|3|1|0|0
05071632|608|101|390|5030039|5030000|5179|5000|-179|917802|917802|917802|3|1|0|1
05071632|609|101|390|5040214|5040000|10175|10000|-175|917802|917802|917802|3|1|0|1
05071632|610|101|390|5050455|5050000|10241|10000|-241|917802|917802|917802|3|1|0|1
05071632|611|101|730|5053228|5053000|2773|3000|227|917802|917802|917802|3|1|0|0
05071632|612|101|390|5060580|5061000|7352|8000|648|917802|917802|917802|3|1|0|1
05071632|613|101|390|5070148|5070000|9568|9000|-568|917802|917802|917802|3|1|0|1
05121488|614|102|390|5079961|5080000|9813|10000|187|917802|917802|917802|3|1|0|1
05121488|615|102|506|5083928|5084000|3967|4000|33|917802|917802|917802|3|1|0|0
05121488|616|102|390|5090745|5091000|6817|7000|183|917802|917802|917802|3|1|0|1
05121488|617|102|390|5100933|5101000|10188|10000|-188|917802|917802|917802|3|1|0|1
05121488|618|102|390|5111376|5112000|10443|11000|557|917802|917802|917802|3|1|0|1
05121488|619|102|702|5119575|5119000|8199|7000|-1199|917802|917802|917802|3|1|0|0
05172004|620|103|390|5121522|5121000|1947|2000|53|917802|917802|917802|3|1|0|1
05172004|621|103|390|5131737|5132000|10215|11000|785|917802|917802|917802|3|1|0|1
05172004|622|103|390|5142275|5143000|10538|11000|462|917802|917802|917802|3|1|0|1
05172004|623|103|395|5151628|5152000|9353|9000|-353|917802|917802|917802|3|1|0|0
05172004|624|103|397|5151680|5152000|52|0|-52|917802|917802|917802|3|1|0|1
05172004|625|103|397|5161993|5162000|10313|10000|-313|917802|917802|917802|3|1|0|1
05222581|626|104|397|5172058|5172000|10065|10000|-65|917802|917802|917802|3|1|0|1
05222581|627|104|397|5182436|5183000|10378|11000|622|917802|917802|917802|3|1|0|1
05222581|628|104|380|5186513|5187000|4077|4000|-77|917802|917802|917802|3|1|0|0
05222581|629|104|382|5191940|5192000|5427|5000|-427|917802|917802|917802|3|1|0|1
05222581|630|104|382|5212264|5212000|20324|20000|-324|917802|917802|917802|3|1|0|1
05222581|631|104|435|5214261|5214000|1997|2000|3|917802|917802|917802|3|1|0|0
05271477|632|105|382|5222739|5223000|8478|9000|522|917802|917802|917802|3|1|0|1
05271477|633|105|382|5231867|5232000|9128|9000|-128|917802|917802|917802|3|1|0|1
05271477|634|105|382|5242304|5243000|10437|11000|563|917802|917802|917802|3|1|0|1
05271477|635|105|382|5251917|5252000|9613|9000|-613|917802|917802|917802|3|1|0|1
05271477|636|105|728|5252900|5253000|983|1000|17|917802|917802|917802|3|1|0|0
05271477|637|105|382|5262113|5262000|9213|9000|-213|917802|917802|917802|3|1|0|1
05321832|638|106|382|5272673|5273000|10560|11000|440|917802|917802|917802|3|1|0|1
05321832|639|106|382|5282979|5283000|10306|10000|-306|917802|917802|917802|3|1|0|1
05321832|640|106|492|5290117|5290000|7138|7000|-138|917802|917802|917802|3|1|0|0
05321832|641|106|382|5293286|5293000|3169|3000|-169|917802|917802|917802|3|1|0|1
05321832|642|106|382|5303648|5304000|10362|11000|638|917802|917802|917802|3|1|0|1
05321832|643|106|382|5313309|5313000|9661|9000|-661|917802|917802|917802|3|1|0|1
05371868|644|107|382|5323151|5323000|9842|10000|158|917802|917802|917802|3|1|0|1
05371868|645|107|721|5323177|5323000|26|0|-26|917802|917802|917802|3|1|0|0
05371868|646|107|382|5333454|5333000|10277|10000|-277|917802|917802|917802|3|1|0|1
05371868|647|107|382|5344005|5344000|10551|11000|449|917802|917802|917802|3|1|0|1
05371868|648|107|490|5348809|5349000|4804|5000|196|917802|917802|917802|3|1|0|0
05371868|649|107|382|5354194|5354000|5385|5000|-385|917802|917802|917802|3|1|0|1
05371868|650|107|382|5364622|5365000|10428|11000|572|917802|917802|917802|3|1|0|1
05421873|651|108|382|5374106|5374000|9484|9000|-484|917802|917802|917802|3|1|0|1
05421873|652|108|659|5382785|5383000|8679|9000|321|917802|917802|917802|3|1|0|0
05421873|653|108|382|5384007|5384000|1222|1000|-222|917802|917802|917802|3|1|0|1
05421873|654|108|382|5394087|5394000|10080|10000|-80|917802|917802|917802|3|1|0|1
05421873|655|108|382|5404640|5405000|10553|11000|447|917802|917802|917802|3|1|0|1
05421873|656|108|382|5414772|5415000|10132|10000|-132|917802|917802|917802|3|1|0|1
05421873|657|108|489|5416698|5417000|1926|2000|74|917802|917802|917802|3|1|0|0
05472002|658|109|382|5425110|5425000|8412|8000|-412|917802|917802|917802|1|1|0|1
05472002|659|109|382|5435374|5435000|10264|10000|-264|917802|917802|917802|1|1|0|1
05472002|660|109|382|5445967|5446000|10593|11000|407|917802|917802|917802|1|1|0|1
05472002|661|109|637|5454625|5455000|8658|9000|342|917802|917802|917802|1|1|0|0
05472002|662|109|382|5455889|5456000|1264|1000|-264|917802|917802|917802|1|1|0|1
05472002|663|109|382|5466107|5466000|10218|10000|-218|917802|917802|917802|1|1|0|1
05522122|664|110|382|5476352|5476000|10245|10000|-245|917802|917802|917802|1|1|0|1
05522122|665|110|369|5480956|5481000|4604|5000|396|917802|917802|917802|1|1|0|0
05522122|666|110|371|5486140|5486000|5184|5000|-184|917802|917802|917802|1|1|0|1
05522122|667|110|371|5496447|5497000|10307|11000|693|917802|917802|917802|1|1|0|1
05522122|668|110|371|5505839|5506000|9392|9000|-392|917802|917802|917802|1|1|0|1
05522122|669|110|371|5516445|5517000|10606|11000|394|917802|917802|917802|1|1|0|1
05522122|670|110|553|5516492|5517000|47|0|-47|917802|917802|917802|1|1|0|0
05572395|671|111|371|5526394|5526000|9902|9000|-902|917802|917802|917802|1|1|0|1
05572395|672|111|371|5536697|5537000|10303|11000|697|917802|917802|917802|1|1|0|1
05572395|673|111|371|5545791|5546000|9094|9000|-94|917802|917802|917802|1|1|0|1
05572395|674|111|519|5548002|5548000|2211|2000|-211|917802|917802|917802|1|1|0|0
05572395|675|111|371|5556295|5556000|8293|8000|-293|917802|917802|917802|1|1|0|1
05572395|676|111|371|5566502|5566000|10207|10000|-207|917802|917802|917802|1|1|0|1
05622401|677|112|371|5576733|5577000|10231|11000|769|917802|917802|917802|1|1|0|1
05622401|678|112|751|5582081|5582000|5348|5000|-348|917802|917802|917802|1|1|0|0
05622401|679|112|371|5586000|5586000|3919|4000|81|917802|917802|917802|1|1|0|1
05622401|680|112|371|5596640|5597000|10640|11000|360|917802|917802|917802|1|1|0|1
05622401|681|112|371|5605929|5606000|9289|9000|-289|917802|917802|917802|1|1|0|1
05622401|682|112|457|5614288|5614000|8359|8000|-359|917802|917802|917802|1|1|0|0
05622401|683|112|371|5616718|5617000|2430|3000|570|917802|917802|917802|1|1|0|1
05672486|684|113|371|5626643|5627000|9925|10000|75|917802|917802|917802|1|1|0|1
05672486|685|113|371|5635986|5636000|9343|9000|-343|917802|917802|917802|1|1|0|1
05672486|686|113|371|5646366|5646000|10380|10000|-380|917802|917802|917802|1|1|0|1
05672486|687|113|679|5652677|5653000|6311|7000|689|917802|917802|917802|1|1|0|0
05672486|688|113|371|5655806|5656000|3129|3000|-129|917802|917802|917802|1|1|0|1
05672486|689|113|371|5666049|5666000|10243|10000|-243|917802|917802|917802|1|1|0|1
05722410|690|114|507|5672853|5673000|6804|7000|196|917802|917802|917802|1|1|0|0
05722410|691|114|371|5676071|5676000|3218|3000|-218|917802|917802|917802|1|1|0|1
05722410|692|114|371|5686229|5686000|10158|10000|-158|917802|917802|917802|1|1|0|1
05722410|693|114|371|5696473|5696000|10244|10000|-244|917802|917802|917802|1|1|0|1
05722410|694|114|371|5706749|5707000|10276|11000|724|917802|917802|917802|1|1|0|1
05722410|695|114|671|5711599|5712000|4850|5000|150|917802|917802|917802|1|1|0|0
05722410|696|114|371|5716823|5717000|5224|5000|-224|917802|917802|917802|1|1|0|1
05772857|697|115|371|5727619|5728000|10796|11000|204|917802|917802|917802|1|1|0|1
05772857|698|115|371|5737073|5737000|9454|9000|-454|917802|917802|917802|1|1|0|1
05772857|699|115|371|5747287|5747000|10214|10000|-214|917802|917802|917802|1|1|0|1
05772857|700|115|440|5748662|5749000|1375|2000|625|917802|917802|917802|1|1|0|0
05772857|701|115|371|5756962|5757000|8300|8000|-300|917802|917802|917802|1|1|0|1
05772857|702|115|371|5767160|5767000|10198|10000|-198|917802|917802|917802|1|1|0|1
05822806|703|116|371|5777174|5777000|10014|10000|-14|917802|917802|917802|1|1|0|1
05822806|704|116|612|5783819|5784000|6645|7000|355|917802|917802|917802|1|1|0|0
05822806|705|116|371|5787014|5787000|3195|3000|-195|917802|917802|917802|1|1|0|1
05822806|706|116|371|5797345|5797000|10331|10000|-331|917802|917802|917802|1|1|0|1
05822806|707|116|371|5807597|5808000|10252|11000|748|917802|917802|917802|1|1|0|1
05822806|708|116|504|5809332|5809000|1735|1000|-735|917802|917802|917802|1|1|0|0
05873053|709|117|662|5844267|5844000|34935|35000|65|917802|917802|917802|1|1|0|0
05922403|710|118|514|5876264|5876000|31997|32000|3|917802|917802|917802|1|1|0|0
05922403|711|118|735|5909578|5910000|33314|34000|686|917802|917802|917802|1|1|0|0
05972516|712|119|476|5938574|5939000|28996|29000|4|917802|917802|917802|1|1|0|0
06022525|713|120|597|5975687|5976000|37113|37000|-113|917802|917802|917802|4|1|0|0
06072483|714|121|57|6035525|6036000|59838|60000|162|917802|917802|917802|4|0|0|0
06072483|715|121|1105|6035673|6036000|148|0|-148|917802|917802|917802|4|0|0|0
06072483|716|121|1105|6035747|6036000|74|0|-74|917802|917802|917802|4|0|0|0
06072483|717|121|1105|6035801|6036000|54|0|-54|917802|917802|917802|4|0|0|0
06072483|718|121|1105|6035860|6036000|59|0|-59|917802|917802|917802|4|0|0|0
06072483|719|121|1105|6035931|6036000|71|0|-71|917802|917802|917802|4|0|0|0
06072483|720|121|1105|6035988|6036000|57|0|-57|917802|917802|917802|4|0|0|0
06072483|721|121|1105|6036679|6037000|691|1000|309|917802|917802|917802|4|0|0|0
06072483|722|121|59|6039329|6040000|2650|3000|350|917802|917802|917802|4|0|0|1
06072483|723|121|59|6039359|6040000|30|0|-30|917802|917802|917802|4|0|0|1
06072483|724|121|59|6039373|6040000|14|0|-14|917802|917802|917802|4|0|0|1
06072483|725|121|59|6039386|6040000|13|0|-13|917802|917802|917802|4|0|0|1
06072483|726|121|59|6039398|6040000|12|0|-12|917802|917802|917802|4|0|0|1
06072483|727|121|59|6039410|6040000|12|0|-12|917802|917802|917802|4|0|0|1
06072483|728|121|1105|6048115|6048000|8705|8000|-705|917802|917802|917802|4|0|0|0
06072483|729|121|59|6049265|6049000|1150|1000|-150|917802|917802|917802|4|0|0|1
06072483|730|121|59|6049270|6049000|5|0|-5|917802|917802|917802|4|0|0|1
06072483|731|121|59|6049275|6049000|5|0|-5|917802|917802|917802|4|0|0|1
06072483|732|121|59|6049280|6049000|5|0|-5|917802|917802|917802|4|0|0|1
06072483|733|121|59|6049284|6049000|4|0|-4|917802|917802|917802|4|0|0|1
06072483|734|121|59|6049289|6049000|5|0|-5|917802|917802|917802|4|0|0|1
06072483|735|121|1105|6052392|6052000|3103|3000|-103|917802|917802|917802|4|0|0|0
06072483|736|121|1106|6057271|6057000|4879|5000|121|917802|917802|917802|4|0|0|0
06072483|737|121|1106|6060862|6061000|3591|4000|409|917802|917802|917802|4|1|0|0
06072483|738|121|1001|6070653|6071000|9791|10000|209|917802|917802|917802|4|0|0|0
06072483|739|121|1001|6070997|6071000|344|0|-344|917802|917802|917802|4|1|0|0
06122765|740|122|901|6105476|6105000|34479|34000|-479|917802|917802|917802|4|0|0|0
06122765|741|122|901|6105609|6106000|133|1000|867|917802|917802|917802|4|0|0|0
06122765|742|122|901|6105708|6106000|99|0|-99|917802|917802|917802|4|1|0|0
06173125|743|123|866|6137897|6138000|32189|32000|-189|917802|917802|917802|4|0|0|0
06173125|744|123|866|6138410|6138000|513|0|-513|917802|917802|917802|4|1|0|0
06222370|745|124|842|6172670|6173000|34260|35000|740|917802|917802|917802|4|0|0|0
06222370|746|124|842|6172880|6173000|210|0|-210|917802|917802|917802|4|0|0|0
06222370|747|124|842|6173065|6173000|185|0|-185|917802|917802|917802|4|1|0|0
06222370|748|124|974|6205616|6206000|32551|33000|449|917802|917802|917802|4|0|0|0
06222370|749|124|974|6205848|6206000|232|0|-232|917802|917802|917802|4|1|0|0
06272791|750|125|1071|6244118|6244000|38270|38000|-270|917802|917802|917802|4|0|0|0
06272791|751|125|1072|6244395|6245000|277|1000|723|917802|917802|917802|4|0|0|0
06272791|752|125|1072|6244755|6245000|360|0|-360|917802|917802|917802|4|1|0|0
06322953|753|126|1031|6272500|6273000|27745|28000|255|978129|978129|978129|4|0|0|0
06322953|754|126|1032|6272739|6273000|239|0|-239|978129|978129|978129|4|1|0|0
06322953|755|126|1000|6306276|6306000|33537|33000|-537|978129|978129|978129|4|0|0|0
06322953|756|126|1000|6306457|6306000|181|0|-181|978129|978129|978129|4|0|0|0
06322953|757|126|1000|6306648|6307000|191|1000|809|978129|978129|978129|4|1|0|0
06372835|758|127|1034|6335740|6336000|29092|29000|-92|978129|978129|978129|4|0|0|0
06372835|759|127|1034|6335921|6336000|181|0|-181|978129|978129|978129|4|0|0|0
06372835|760|127|1034|6336107|6336000|186|0|-186|978129|978129|978129|4|1|0|0
06372835|761|127|998|6367716|6368000|31609|32000|391|978129|978129|978129|4|0|0|0
06372835|762|127|998|6367974|6368000|258|0|-258|978129|978129|978129|4|0|0|0
06372835|763|127|998|6368110|6368000|136|0|-136|978129|978129|978129|4|0|0|0
06372835|764|127|998|6368318|6368000|208|0|-208|978129|978129|978129|4|1|0|0
06423400|765|128|1116|6402557|6403000|34239|35000|761|978129|978129|978129|4|0|0|0
06423400|766|128|1117|6402744|6403000|187|0|-187|978129|978129|978129|4|0|0|0
06423400|767|128|1117|6403107|6403000|363|0|-363|978129|978129|978129|4|1|0|0
06473212|768|129|1078|6440317|6440000|37210|37000|-210|978129|978129|978129|4|0|0|0
06473212|769|129|1078|6440557|6440000|240|0|-240|978129|978129|978129|4|0|0|0
06473212|770|129|1078|6440693|6441000|136|1000|864|978129|978129|978129|4|0|0|0
06473212|771|129|1079|6440887|6441000|194|0|-194|978129|978129|978129|4|1|0|0
06473212|772|129|972|6466323|6467000|25436|26000|564|978129|978129|978129|4|0|0|0
06473212|773|129|972|6466781|6467000|458|0|-458|978129|978129|978129|4|0|0|0
06473212|774|129|973|6467040|6467000|259|0|-259|978129|978129|978129|4|1|0|0
06523673|775|130|1156|6501701|6502000|34661|35000|339|978129|978129|978129|4|0|0|0
06523673|776|130|1157|6501888|6502000|187|0|-187|978129|978129|978129|4|0|0|0
06523673|777|130|1157|6501986|6502000|98|0|-98|978129|978129|978129|4|0|0|0
06523673|778|130|1157|6502195|6502000|209|0|-209|978129|978129|978129|4|1|0|0
06573495|779|131|875|6532020|6532000|29825|30000|175|978129|978129|978129|4|0|0|0
06573495|780|131|876|6532293|6532000|273|0|-273|978129|978129|978129|4|0|0|0
06573495|781|131|876|6532461|6532000|168|0|-168|978129|978129|978129|4|1|0|0
06573495|782|131|1073|6569906|6570000|37445|38000|555|978129|978129|978129|4|0|0|0
06573495|783|131|1074|6570310|6570000|404|0|-404|978129|978129|978129|4|0|0|0
06573495|784|131|1074|6570486|6571000|176|1000|824|978129|978129|978129|4|0|0|0
06573495|785|131|1074|6570768|6571000|282|0|-282|978129|978129|978129|4|1|0|0
06624063|786|132|963|6603354|6604000|32586|33000|414|981892|981892|981892|4|0|0|0
06624063|787|132|963|6603659|6604000|305|0|-305|981892|981892|981892|4|0|0|0
06624063|788|132|963|6603928|6604000|269|0|-269|981892|981892|981892|4|1|0|0
06674059|789|133|1005|6633256|6633000|29328|29000|-328|981892|981892|981892|4|0|0|0
06674059|790|133|1005|6633503|6633000|247|0|-247|981892|981892|981892|4|0|0|0
06674059|791|133|1005|6633627|6634000|124|1000|876|981892|981892|981892|4|0|0|0
06674059|792|133|1005|6633822|6634000|195|0|-195|981892|981892|981892|4|1|0|0
06674059|793|133|1023|6662792|6663000|28970|29000|30|981892|981892|981892|4|0|0|0
06674059|794|133|1024|6663131|6663000|339|0|-339|981892|981892|981892|4|0|0|0
06674059|795|133|1024|6663340|6663000|209|0|-209|981892|981892|981892|4|1|0|0
06724274|796|134|1058|6696874|6697000|33534|34000|466|981892|981892|981892|4|0|0|0
06724274|797|134|1058|6697222|6697000|348|0|-348|981892|981892|981892|4|0|0|0
06724274|798|134|1058|6697427|6697000|205|0|-205|981892|981892|981892|4|1|0|0
06774219|799|135|1005|6730714|6731000|33287|34000|713|981892|981892|981892|4|0|0|0
06774219|800|135|1005|6731008|6731000|294|0|-294|981892|981892|981892|4|0|0|0
06774219|801|135|1006|6731212|6731000|204|0|-204|981892|981892|981892|4|1|0|0
06774219|802|135|1124|6766722|6767000|35510|36000|490|981892|981892|981892|4|0|0|0
06774219|803|135|1124|6767023|6767000|301|0|-301|981892|981892|981892|4|0|0|0
06774219|804|135|1124|6767132|6767000|109|0|-109|981892|981892|981892|4|0|0|0
06774219|805|135|1124|6767362|6767000|230|0|-230|981892|981892|981892|4|1|0|0
06824532|806|136|986|6795857|6796000|28495|29000|505|981892|981892|981892|4|0|0|0
06824532|807|136|987|6796130|6796000|273|0|-273|981892|981892|981892|4|0|0|0
06824532|808|136|987|6796348|6796000|218|0|-218|981892|981892|981892|4|1|0|0
06874647|809|137|1094|6828184|6828000|31836|32000|164|981892|981892|981892|4|0|0|0
06874647|810|137|1094|6828350|6828000|166|0|-166|981892|981892|981892|4|0|0|0
06874647|811|137|1094|6828539|6828000|189|0|-189|981892|981892|981892|4|0|0|0
06874647|812|137|1095|6833509|6833000|4970|5000|30|981892|981892|981892|4|1|0|0
06874647|813|137|944|6861331|6861000|27822|28000|178|981892|981892|981892|4|0|0|0
06874647|814|137|944|6861653|6862000|322|1000|678|981892|981892|981892|4|0|0|0
06874647|815|137|944|6861883|6862000|230|0|-230|981892|981892|981892|4|1|0|0
06923933|816|138|1076|6897423|6898000|35540|36000|460|981892|981892|981892|4|0|0|0
06923933|817|138|1076|6897729|6898000|306|0|-306|981892|981892|981892|4|0|0|0
06923933|818|138|1077|6897833|6898000|104|0|-104|981892|981892|981892|4|0|0|0
06923933|819|138|1077|6898046|6898000|213|0|-213|981892|981892|981892|4|1|0|0
06973851|820|139|969|6929239|6930000|31193|32000|807|981892|981892|981892|4|0|0|0
06973851|821|139|969|6929669|6930000|430|0|-430|981892|981892|981892|4|0|0|0
06973851|822|139|970|6929897|6930000|228|0|-228|981892|981892|981892|4|1|0|0
06973851|823|139|1023|6963856|6964000|33959|34000|41|981892|981892|981892|4|0|0|0
06973851|824|139|1023|6964110|6964000|254|0|-254|981892|981892|981892|4|0|0|0
06973851|825|139|1024|6964197|6964000|87|0|-87|981892|981892|981892|4|0|0|0
06973851|826|139|1024|6964430|6964000|233|0|-233|981892|981892|981892|4|1|0|0
07024307|827|140|911|6991342|6991000|26912|27000|88|981892|981892|981892|3|0|0|0
07024307|828|140|911|6991565|6991000|223|0|-223|981892|981892|981892|3|0|0|0
07024307|829|140|911|6992372|6992000|807|1000|193|981892|981892|981892|3|1|0|0
07074291|830|141|1014|7028817|7029000|36445|37000|555|981892|981892|981892|3|0|0|0
07074291|831|141|1014|7029174|7029000|357|0|-357|981892|981892|981892|3|0|0|0
07074291|832|141|1014|7029285|7029000|111|0|-111|981892|981892|981892|3|0|0|0
07074291|833|141|1015|7032841|7033000|3556|4000|444|981892|981892|981892|3|1|0|0
07074291|834|141|998|7058352|7058000|25511|25000|-511|981892|981892|981892|3|0|0|0
07074291|835|141|998|7058615|7059000|263|1000|737|981892|981892|981892|3|0|0|0
07074291|836|141|999|7062485|7062000|3870|3000|-870|981892|981892|981892|3|1|0|0
07124739|837|142|962|7094850|7095000|32365|33000|635|981892|981892|981892|3|0|0|0
07124739|838|142|962|7095119|7095000|269|0|-269|981892|981892|981892|3|0|0|0
07124739|839|142|963|7095228|7095000|109|0|-109|981892|981892|981892|3|0|0|0
07124739|840|142|963|7100374|7100000|5146|5000|-146|981892|981892|981892|3|1|0|0
07174490|841|143|1009|7124657|7125000|24283|25000|717|981892|981892|981892|3|0|0|0
07174490|842|143|1010|7125498|7125000|841|0|-841|981892|981892|981892|3|0|0|0
07174490|843|143|1010|7131008|7131000|5510|6000|490|981892|981892|981892|3|1|0|0
07174490|844|143|1104|7156821|7157000|25813|26000|187|981892|981892|981892|3|0|0|0
07174490|845|143|1105|7161235|7161000|4414|4000|-414|981892|981892|981892|3|0|0|0
07174490|846|143|1105|7165379|7165000|4144|4000|-144|981892|981892|981892|3|0|0|0
07174490|847|143|1105|7169663|7170000|4284|5000|716|981892|981892|981892|3|1|0|0
07224997|848|144|998|7190356|7190000|20693|20000|-693|981892|981892|981892|3|0|0|0
07224997|849|144|999|7193750|7194000|3394|4000|606|981892|981892|981892|3|0|0|0
07224997|850|144|999|7198190|7198000|4440|4000|-440|981892|981892|981892|3|1|0|0
07275171|851|145|1091|7225527|7225000|27337|27000|-337|981892|981892|981892|3|0|0|0
07275171|852|145|1091|7226739|7227000|1212|2000|788|981892|981892|981892|3|0|0|0
07275171|853|145|1092|7233212|7233000|6473|6000|-473|981892|981892|981892|3|0|0|0
07275171|854|145|1092|7236464|7236000|3252|3000|-252|981892|981892|981892|3|1|0|0
07275171|855|145|961|7256621|7257000|20157|21000|843|981892|981892|981892|3|0|0|0
07275171|856|145|961|7261756|7262000|5135|5000|-135|981892|981892|981892|3|0|0|0
07275171|857|145|961|7265120|7265000|3364|3000|-364|981892|981892|981892|3|1|0|0
07325296|858|146|1085|7290323|7290000|25203|25000|-203|981892|981892|981892|3|0|0|0
07325296|859|146|1085|7296902|7297000|6579|7000|421|981892|981892|981892|3|0|0|0
07325296|860|146|1085|7301420|7301000|4518|4000|-518|981892|981892|981892|3|0|0|0
07325296|861|146|1086|7305639|7306000|4219|5000|781|981892|981892|981892|3|1|0|0
07325296|862|146|1001|7317823|7318000|12184|12000|-184|981892|981892|981892|3|0|0|0
07325296|863|146|1001|7317988|7318000|165|0|-165|981892|981892|981892|3|0|0|0
07325296|864|146|1002|7318186|7318000|198|0|-198|981892|981892|981892|3|1|0|0
07374360|865|147|1103|7356925|7357000|38739|39000|261|981892|981892|981892|3|0|0|0
07374360|866|147|1104|7357113|7357000|188|0|-188|981892|981892|981892|3|0|0|0
07374360|867|147|1104|7357208|7357000|95|0|-95|981892|981892|981892|3|0|0|0
07374360|868|147|1104|7357365|7357000|157|0|-157|981892|981892|981892|3|1|0|0
07424414|869|148|1001|7387160|7387000|29795|30000|205|989620|989620|989620|3|0|0|0
07424414|870|148|1002|7387483|7388000|323|1000|677|989620|989620|989620|3|0|0|0
07424414|871|148|1002|7387857|7388000|374|0|-374|989620|989620|989620|3|1|0|0
07424414|872|148|1096|7422205|7422000|34348|34000|-348|989620|989620|989620|3|0|0|0
07424414|873|148|1096|7422464|7422000|259|0|-259|989620|989620|989620|3|0|0|0
07424414|874|148|1097|7422563|7423000|99|1000|901|989620|989620|989620|3|0|0|0
07424414|875|148|1097|7422798|7423000|235|0|-235|989620|989620|989620|3|1|0|0
07474752|876|149|1049|7449219|7449000|26421|26000|-421|989620|989620|989620|3|0|0|0
07474752|877|149|1049|7449578|7450000|359|1000|641|989620|989620|989620|3|0|0|0
07474752|878|149|1049|7449819|7450000|241|0|-241|989620|989620|989620|3|1|0|0
07524812|879|150|1053|7483229|7483000|33410|33000|-410|992779|992779|992779|3|0|0|0
07524812|880|150|1053|7483402|7483000|173|0|-173|992779|992779|992779|3|0|0|0
07524812|881|150|1053|7483496|7483000|94|0|-94|992779|992779|992779|3|0|0|0
07524812|882|150|1053|7483612|7483000|116|0|-116|992779|992779|992779|3|1|0|0
07524812|883|150|942|7518073|7518000|34461|35000|539|992779|992779|992779|3|0|0|0
07524812|884|150|943|7518315|7518000|242|0|-242|992779|992779|992779|3|0|0|0
07524812|885|150|943|7518493|7518000|178|0|-178|992779|992779|992779|3|1|0|0
07575309|886|151|1048|7551771|7552000|33278|34000|722|992779|992779|992779|2|0|0|0
07575309|887|151|1049|7551989|7552000|218|0|-218|992779|992779|992779|2|0|0|0
07575309|888|151|1049|7552089|7552000|100|0|-100|992779|992779|992779|2|0|0|0
07575309|889|151|1049|7552235|7552000|146|0|-146|992779|992779|992779|2|1|0|0
07625021|890|152|853|7580627|7581000|28392|29000|608|1017340|1017340|1017340|2|0|0|0
07625021|891|152|854|7580939|7581000|312|0|-312|1017340|1017340|1017340|2|0|0|0
07625021|892|152|854|7581188|7581000|249|0|-249|1017340|1017340|1017340|2|1|0|0
07625021|893|152|1106|7617815|7618000|36627|37000|373|1017340|1017340|1017340|2|0|0|0
07625021|894|152|1107|7618145|7618000|330|0|-330|1017340|1017340|1017340|2|0|0|0
07625021|895|152|1107|7618274|7618000|129|0|-129|1017340|1017340|1017340|2|0|0|0
07625021|896|152|1107|7618493|7618000|219|0|-219|1017340|1017340|1017340|2|1|0|0
07675304|897|153|1000|7646375|7647000|27882|29000|1118|1017340|1017340|1017340|2|0|0|0
07675304|898|153|1001|7646734|7647000|359|0|-359|1017340|1017340|1017340|2|0|0|0
07675304|899|153|1001|7647012|7647000|278|0|-278|1017340|1017340|1017340|2|1|0|0
07725550|900|154|1082|7683995|7684000|36983|37000|17|1017340|1017340|1017340|2|0|0|0
07725550|901|154|1082|7684198|7684000|203|0|-203|1017340|1017340|1017340|2|0|0|0
07725550|902|154|1083|7684306|7684000|108|0|-108|1017340|1017340|1017340|2|0|0|0
07725550|903|154|1083|7684483|7684000|177|0|-177|1017340|1017340|1017340|2|1|0|0
07725550|904|154|57|7720644|7721000|36161|37000|839|1017340|1017340|1017340|2|0|0|0
07725550|905|154|1104|7720931|7721000|287|0|-287|1017340|1017340|1017340|2|0|0|0
07725550|906|154|1104|7721048|7721000|117|0|-117|1017340|1017340|1017340|2|0|0|0
07725550|907|154|1104|7721181|7721000|133|0|-133|1017340|1017340|1017340|2|0|0|0
07725550|908|154|1104|7721302|7721000|121|0|-121|1017340|1017340|1017340|2|0|0|0
07725550|909|154|1104|7721420|7721000|118|0|-118|1017340|1017340|1017340|2|0|0|0
07725550|910|154|1104|7721532|7721000|112|0|-112|1017340|1017340|1017340|2|0|0|0
07725550|911|154|1104|7721640|7722000|108|1000|892|1017340|1017340|1017340|2|0|0|0
07725550|912|154|1104|7723214|7723000|1574|1000|-574|1017340|1017340|1017340|2|0|0|0
07776766|913|155|1105|7734802|7735000|11588|12000|412|1102208|1102208|1102208|2|0|0|0
07776766|914|155|1105|7739214|7739000|4412|4000|-412|1102208|1102208|1102208|2|0|0|0
07776766|915|155|1105|7743525|7744000|4311|5000|689|1102208|1102208|1102208|2|1|0|0
07776766|916|155|1048|7747859|7748000|4334|4000|-334|1102208|1102208|1102208|2|0|0|0
07776766|917|155|1049|7751853|7752000|3994|4000|6|1102208|1102208|1102208|2|1|0|0
07826855|918|156|985|7783384|7784000|31531|32000|469|1140608|1140608|1140608|2|0|0|0
07826855|919|156|986|7783732|7784000|348|0|-348|1140608|1140608|1140608|2|0|0|0
07826855|920|156|986|7783960|7784000|228|0|-228|1140608|1140608|1140608|2|1|0|0
07826855|921|156|964|7812730|7813000|28770|29000|230|1140608|1140608|1140608|2|0|0|0
07826855|922|156|965|7813302|7813000|572|0|-572|1140608|1140608|1140608|2|1|0|0
07875999|923|157|942|7847352|7848000|34050|35000|950|1140608|1140608|1140608|2|0|0|0
07875999|924|157|943|7847712|7848000|360|0|-360|1140608|1140608|1140608|2|0|0|0
07875999|925|157|943|7847933|7848000|221|0|-221|1140608|1140608|1140608|2|1|0|0
07925945|926|158|986|7876565|7877000|28632|29000|368|1140009|1140009|1140009|2|0|0|0
07925945|927|158|987|7877160|7877000|595|0|-595|1140009|1140009|1140009|2|1|0|0
07925945|928|158|970|7913243|7914000|36083|37000|917|1140009|1140009|1140009|2|0|0|0
07925945|929|158|970|7913738|7914000|495|0|-495|1140009|1140009|1140009|2|0|0|0
07925945|930|158|970|7914083|7914000|345|0|-345|1140009|1140009|1140009|2|1|0|0
07976372|931|159|971|7940559|7941000|26476|27000|524|1140009|1140009|1140009|2|0|0|0
07976372|932|159|971|7940828|7941000|269|0|-269|1140009|1140009|1140009|2|1|0|0
08026705|933|160|916|7979200|7980000|38372|39000|628|1140009|1140009|1140009|2|0|0|0
08026705|934|160|917|7979574|7980000|374|0|-374|1140009|1140009|1140009|2|0|0|0
08026705|935|160|917|7979678|7980000|104|0|-104|1140009|1140009|1140009|2|0|0|0
08026705|936|160|917|7979864|7980000|186|0|-186|1140009|1140009|1140009|2|1|0|0
08026705|937|160|1000|8009813|8010000|29949|30000|51|1140009|1140009|1140009|2|0|0|0
08026705|938|160|1001|8010190|8010000|377|0|-377|1140009|1140009|1140009|2|0|0|0
08026705|939|160|1001|8010432|8010000|242|0|-242|1140009|1140009|1140009|2|1|0|0
08075080|940|161|1202|8044827|8045000|34395|35000|605|1140009|1140009|1140009|2|0|0|0
08075080|941|161|1202|8045328|8045000|501|0|-501|1140009|1140009|1140009|2|0|0|0
08075080|942|161|1202|8045441|8045000|113|0|-113|1140009|1140009|1140009|2|0|0|0
08075080|943|161|1203|8045679|8046000|238|1000|762|1140009|1140009|1140009|2|1|0|0
08125417|944|162|1033|8074420|8074000|28741|28000|-741|1140009|1140009|1140009|2|0|0|0
08125417|945|162|1033|8074589|8075000|169|1000|831|1140009|1140009|1140009|2|0|0|0
08125417|946|162|1034|8074772|8075000|183|0|-183|1140009|1140009|1140009|2|1|0|0
08125417|947|162|1118|8103838|8104000|29066|29000|-66|1140009|1140009|1140009|2|0|0|0
08125417|948|162|1118|8103957|8104000|119|0|-119|1140009|1140009|1140009|2|0|0|0
08125417|949|162|1119|8109943|8110000|5986|6000|14|1140009|1140009|1140009|2|0|0|0
08125417|950|162|1119|8114096|8114000|4153|4000|-153|1140009|1140009|1140009|2|1|0|0
08175409|951|163|1199|8135820|8136000|21724|22000|276|1140009|1140009|1140009|2|0|0|0
08175409|952|163|1200|8137981|8138000|2161|2000|-161|1140009|1140009|1140009|2|1|0|0
08175409|953|163|1102|8174012|8174000|36031|36000|-31|1140009|1140009|1140009|2|0|0|0
08175409|954|163|1103|8174186|8174000|174|0|-174|1140009|1140009|1140009|2|0|0|0
08175409|955|163|1103|8174340|8174000|154|0|-154|1140009|1140009|1140009|2|1|0|0
08226310|956|164|1042|8204010|8204000|29670|30000|330|1140009|1140009|1140009|2|0|0|0
08226310|957|164|1042|8204233|8204000|223|0|-223|1140009|1140009|1140009|2|0|0|0
08226310|958|164|1043|8208674|8209000|4441|5000|559|1140009|1140009|1140009|2|0|0|0
08226310|959|164|1043|8212995|8213000|4321|4000|-321|1140009|1140009|1140009|2|1|0|0
08275763|960|165|977|8237598|8238000|24603|25000|397|1140009|1140009|1140009|2|0|0|0
08275763|961|165|978|8237781|8238000|183|0|-183|1140009|1140009|1140009|2|0|0|0
08275763|962|165|978|8243258|8243000|5477|5000|-477|1140009|1140009|1140009|2|0|0|0
08275763|963|165|978|8246192|8246000|2934|3000|66|1140009|1140009|1140009|2|0|0|0
08275763|964|165|978|8249524|8249000|3332|3000|-332|1140009|1140009|1140009|2|1|0|0
08275763|965|165|1005|8269082|8269000|19558|20000|442|1140009|1140009|1140009|2|0|0|0
08275763|966|165|1005|8269976|8270000|894|1000|106|1140009|1140009|1140009|2|0|0|0
08326573|967|166|1005|8275263|8275000|5287|5000|-287|1140009|1140009|1140009|2|1|0|0
08326573|968|166|1129|8302970|8303000|27707|28000|293|1140009|1140009|1140009|2|0|0|0
08326573|969|166|1129|8303670|8304000|700|1000|300|1140009|1140009|1140009|2|0|0|0
08326573|970|166|1129|8311457|8311000|7787|7000|-787|1140009|1140009|1140009|2|0|0|0
08326573|971|166|1129|8315408|8315000|3951|4000|49|1140009|1140009|1140009|2|1|0|0
08376118|972|167|950|8337095|8337000|21687|22000|313|1140009|1140009|1140009|2|0|0|0
08376118|973|167|950|8337278|8337000|183|0|-183|1140009|1140009|1140009|2|0|0|0
08376118|974|167|950|8342499|8343000|5221|6000|779|1140009|1140009|1140009|2|1|0|0
08376118|975|167|1165|8372949|8373000|30450|30000|-450|1140009|1140009|1140009|2|0|0|0
08376118|976|167|1165|8373352|8373000|403|0|-403|1140009|1140009|1140009|2|0|0|0
08427187|977|168|1165|8378689|8379000|5337|6000|663|1140009|1140009|1140009|2|0|0|0
08427187|978|168|1165|8382913|8383000|4224|4000|-224|1140009|1140009|1140009|2|1|0|0
08427187|979|168|892|8401263|8401000|18350|18000|-350|1140009|1140009|1140009|2|0|0|0
08427187|980|168|893|8405629|8406000|4366|5000|634|1140009|1140009|1140009|2|0|0|0
08427187|981|168|893|8409004|8409000|3375|3000|-375|1140009|1140009|1140009|2|1|0|0
08476454|982|169|1047|8434731|8435000|25727|26000|273|1140009|1140009|1140009|2|0|0|0
08476454|983|169|1047|8440618|8441000|5887|6000|113|1140009|1140009|1140009|2|0|0|0
08476454|984|169|1047|8444098|8444000|3480|3000|-480|1140009|1140009|1140009|2|0|0|0
08476454|985|169|1047|8448319|8448000|4221|4000|-221|1140009|1140009|1140009|2|1|0|0
08476454|986|169|1096|8470276|8470000|21957|22000|43|1140009|1140009|1140009|2|0|0|0
08476454|987|169|1097|8471172|8471000|896|1000|104|1140009|1140009|1140009|2|1|0|0
08526759|988|170|57|8504897|8505000|33725|34000|275|1140009|1140009|1140009|2|0|0|0
08526759|989|170|1108|8505176|8505000|279|0|-279|1140009|1140009|1140009|2|0|0|0
08526759|990|170|1108|8506464|8506000|1288|1000|-288|1140009|1140009|1140009|2|0|0|0
08526759|991|170|59|8508816|8509000|2352|3000|648|1140009|1140009|1140009|2|0|0|1
08526759|992|170|59|8508884|8509000|68|0|-68|1140009|1140009|1140009|2|0|0|1
08526759|993|170|59|8508897|8509000|13|0|-13|1140009|1140009|1140009|2|0|0|1
08526759|994|170|59|8508907|8509000|10|0|-10|1140009|1140009|1140009|2|0|0|1
08526759|995|170|59|8508919|8509000|12|0|-12|1140009|1140009|1140009|2|0|0|1
08526759|996|170|59|8508930|8509000|11|0|-11|1140009|1140009|1140009|2|0|0|1
08526759|997|170|1108|8517900|8518000|8970|9000|30|1140009|1140009|1140009|2|0|0|0
08526759|998|170|59|8519124|8519000|1224|1000|-224|1140009|1140009|1140009|2|0|0|1
08526759|999|170|59|8519142|8519000|18|0|-18|1140009|1140009|1140009|2|0|0|1
08526759|1000|170|59|8519159|8519000|17|0|-17|1140009|1140009|1140009|2|0|0|1
08526759|1001|170|59|8519174|8519000|15|0|-15|1140009|1140009|1140009|2|0|0|1
08526759|1002|170|59|8519187|8519000|13|0|-13|1140009|1140009|1140009|2|0|0|1
08526759|1003|170|59|8519203|8519000|16|0|-16|1140009|1140009|1140009|2|0|0|1
08526759|1004|170|1109|8522294|8522000|3091|3000|-91|1140009|1140009|1140009|2|0|0|0
08577146|1005|171|1109|8526656|8527000|4362|5000|638|1140009|1140009|1140009|2|0|0|0
08577146|1006|171|59|8529323|8529000|2667|2000|-667|1140009|1140009|1140009|2|0|0|1
08577146|1007|171|59|8529355|8529000|32|0|-32|1140009|1140009|1140009|2|0|0|1
08577146|1008|171|59|8529376|8529000|21|0|-21|1140009|1140009|1140009|2|0|0|1
08577146|1009|171|59|8529399|8530000|23|1000|977|1140009|1140009|1140009|2|0|0|1
08577146|1010|171|59|8529423|8530000|24|0|-24|1140009|1140009|1140009|2|0|0|1
08577146|1011|171|59|8529449|8530000|26|0|-26|1140009|1140009|1140009|2|0|0|1
08577146|1012|171|1109|8530615|8531000|1166|1000|-166|1140009|1140009|1140009|2|0|0|0
08577146|1013|171|1109|8535280|8535000|4665|4000|-665|1140009|1140009|1140009|2|0|0|0
08577146|1014|171|59|8539610|8540000|4330|5000|670|1140009|1140009|1140009|2|0|0|1
08577146|1015|171|59|8539647|8540000|37|0|-37|1140009|1140009|1140009|2|0|0|1
08577146|1016|171|59|8539673|8540000|26|0|-26|1140009|1140009|1140009|2|0|0|1
08577146|1017|171|59|8539699|8540000|26|0|-26|1140009|1140009|1140009|2|0|0|1
08577146|1018|171|59|8539722|8540000|23|0|-23|1140009|1140009|1140009|2|0|0|1
08577146|1019|171|1109|8540412|8540000|690|0|-690|1140009|1140009|1140009|2|0|0|0
08577146|1020|171|1109|8543882|8544000|3470|4000|530|1140009|1140009|1140009|2|0|0|0
08577146|1021|171|59|8548819|8549000|4937|5000|63|1140009|1140009|1140009|2|0|0|1
08577146|1022|171|59|8548835|8549000|16|0|-16|1140009|1140009|1140009|2|0|0|1
08577146|1023|171|59|8548849|8549000|14|0|-14|1140009|1140009|1140009|2|0|0|1
08577146|1024|171|1109|8548876|8549000|27|0|-27|1140009|1140009|1140009|2|0|0|0
08577146|1025|171|1109|8552373|8552000|3497|3000|-497|1140009|1140009|1140009|2|1|0|0
08577146|1026|171|1017|8556500|8556000|4127|4000|-127|1140009|1140009|1140009|2|0|0|0
08577146|1027|171|1018|8560204|8560000|3704|4000|296|1140009|1140009|1140009|2|1|0|0
08577146|1028|171|1017|8566177|8566000|5973|6000|27|1140009|1140009|1140009|2|0|0|0
08577146|1029|171|1017|8567552|8567000|1375|1000|-375|1140009|1140009|1140009|2|0|0|0
08577146|1030|171|1018|8573035|8573000|5483|6000|517|1140009|1140009|1140009|2|1|0|0
08627978|1031|172|992|8597779|8598000|24744|25000|256|1190884|1190884|1190884|2|0|0|0
08627978|1032|172|993|8598231|8598000|452|0|-452|1190884|1190884|1190884|2|1|0|0
08677136|1033|173|968|8634318|8634000|36087|36000|-87|1190884|1190884|1190884|2|0|0|0
08677136|1034|173|968|8634609|8635000|291|1000|709|1190884|1190884|1190884|2|0|0|0
08677136|1035|173|968|8634846|8635000|237|0|-237|1190884|1190884|1190884|2|1|0|0
08677136|1036|173|917|8664551|8665000|29705|30000|295|1190884|1190884|1190884|2|0|0|0
08677136|1037|173|918|8664943|8665000|392|0|-392|1190884|1190884|1190884|2|1|0|0
08726959|1038|174|975|8696154|8696000|31211|31000|-211|1190884|1190884|1190884|2|0|0|0
08726959|1039|174|976|8696475|8697000|321|1000|679|1190884|1190884|1190884|2|0|0|0
08726959|1040|174|976|8696729|8697000|254|0|-254|1190884|1190884|1190884|2|1|0|0
08777394|1041|175|830|8726590|8727000|29861|30000|139|1190884|1190884|1190884|2|0|0|0
08777394|1042|175|831|8726896|8727000|306|0|-306|1190884|1190884|1190884|2|1|0|0
08777394|1043|175|931|8758568|8759000|31672|32000|328|1190884|1190884|1190884|2|0|0|0
08777394|1044|175|931|8758810|8759000|242|0|-242|1190884|1190884|1190884|2|0|0|0
08777394|1045|175|931|8758896|8759000|86|0|-86|1190884|1190884|1190884|2|0|0|0
08777394|1046|175|932|8759051|8759000|155|0|-155|1190884|1190884|1190884|2|1|0|0
08827623|1047|176|1080|8796919|8797000|37868|38000|132|1190884|1190884|1190884|2|0|0|0
08827623|1048|176|1080|8797358|8797000|439|0|-439|1190884|1190884|1190884|2|0|0|0
08827623|1049|176|1081|8797655|8798000|297|1000|703|1190884|1190884|1190884|2|1|0|0
08877158|1050|177|1151|8828602|8829000|30947|31000|53|1190884|1190884|1190884|2|0|0|0
08877158|1051|177|1151|8828960|8829000|358|0|-358|1190884|1190884|1190884|2|0|0|0
08877158|1052|177|1152|8829089|8829000|129|0|-129|1190884|1190884|1190884|2|0|0|0
08877158|1053|177|1152|8829333|8829000|244|0|-244|1190884|1190884|1190884|2|1|0|0
08877158|1054|177|1009|8857747|8858000|28414|29000|586|1190884|1190884|1190884|2|0|0|0
08877158|1055|177|1009|8857875|8858000|128|0|-128|1190884|1190884|1190884|2|0|0|0
08877158|1056|177|1009|8859032|8859000|1157|1000|-157|1190884|1190884|1190884|2|1|0|0
08927261|1057|178|1161|8892267|8892000|33235|33000|-235|1190884|1190884|1190884|2|0|0|0
08927261|1058|178|1161|8892536|8892000|269|0|-269|1190884|1190884|1190884|2|0|0|0
08927261|1059|178|1162|8892619|8893000|83|1000|917|1190884|1190884|1190884|2|0|0|0
08927261|1060|178|1162|8892794|8893000|175|0|-175|1190884|1190884|1190884|2|1|0|0
08927261|1061|178|1029|8924254|8924000|31460|31000|-460|1190884|1190884|1190884|2|0|0|0
08927261|1062|178|1029|8924462|8924000|208|0|-208|1190884|1190884|1190884|2|0|0|0
08927261|1063|178|1029|8924642|8925000|180|1000|820|1190884|1190884|1190884|2|1|0|0
08978019|1064|179|1064|8960561|8961000|35919|36000|81|1190884|1190884|1190884|2|0|0|0
08978019|1065|179|1064|8960790|8961000|229|0|-229|1190884|1190884|1190884|2|0|0|0
08978019|1066|179|1065|8960872|8961000|82|0|-82|1190884|1190884|1190884|2|0|0|0
08978019|1067|179|1065|8961012|8961000|140|0|-140|1190884|1190884|1190884|2|1|0|0
09027451|1068|180|1136|8992955|8993000|31943|32000|57|1190884|1190884|1190884|2|0|0|0
09027451|1069|180|1136|8993209|8993000|254|0|-254|1190884|1190884|1190884|2|1|0|0
09027451|1070|180|976|9024874|9025000|31665|32000|335|1190884|1190884|1190884|2|0|0|0
09027451|1071|180|976|9025112|9025000|238|0|-238|1190884|1190884|1190884|2|0|0|0
09027451|1072|180|976|9025249|9025000|137|0|-137|1190884|1190884|1190884|2|0|0|0
09027451|1073|180|977|9025442|9025000|193|0|-193|1190884|1190884|1190884|2|1|0|0
09077755|1074|181|1003|9057589|9058000|32147|33000|853|1190884|1190884|1190884|2|0|0|0
09077755|1075|181|1003|9057749|9058000|160|0|-160|1190884|1190884|1190884|2|0|0|0
09077755|1076|181|1004|9057900|9058000|151|0|-151|1190884|1190884|1190884|2|1|0|0
09127867|1077|182|967|9091546|9092000|33646|34000|354|1190884|1190884|1190884|2|0|0|0
09127867|1078|182|967|9091744|9092000|198|0|-198|1190884|1190884|1190884|2|0|0|0
09127867|1079|182|967|9091876|9092000|132|0|-132|1190884|1190884|1190884|2|0|0|0
09127867|1080|182|968|9092062|9092000|186|0|-186|1190884|1190884|1190884|2|1|0|0
09127867|1081|182|1100|9124770|9125000|32708|33000|292|1190884|1190884|1190884|2|0|0|0
09127867|1082|182|1101|9124949|9125000|179|0|-179|1190884|1190884|1190884|2|0|0|0
09127867|1083|182|1101|9125116|9125000|167|0|-167|1190884|1190884|1190884|2|1|0|0
09178581|1084|183|1131|9159569|9160000|34453|35000|547|1190884|1190884|1190884|2|0|0|0
09178581|1085|183|1131|9159748|9160000|179|0|-179|1190884|1190884|1190884|2|0|0|0
09178581|1086|183|1131|9160101|9160000|353|0|-353|1190884|1190884|1190884|2|0|0|0
09178581|1087|183|1131|9160395|9160000|294|0|-294|1190884|1190884|1190884|2|1|0|0
09227057|1088|184|980|9190288|9191000|29893|31000|1107|1190884|1190884|1190884|2|0|0|0
09227057|1089|184|980|9190696|9191000|408|0|-408|1190884|1190884|1190884|2|0|0|0
09227057|1090|184|981|9190894|9191000|198|0|-198|1190884|1190884|1190884|2|1|0|0
09227057|1091|184|1049|9224637|9225000|33743|34000|257|1190884|1190884|1190884|2|0|0|0
09227057|1092|184|1049|9224859|9225000|222|0|-222|1190884|1190884|1190884|2|0|0|0
09227057|1093|184|1049|9224976|9225000|117|0|-117|1190884|1190884|1190884|2|0|0|0
09227057|1094|184|1049|9225169|9225000|193|0|-193|1190884|1190884|1190884|2|1|0|0
09277287|1095|185|865|9251621|9252000|26452|27000|548|1190884|1190884|1190884|2|0|0|0
09277287|1096|185|865|9251901|9252000|280|0|-280|1190884|1190884|1190884|2|0|0|0
09277287|1097|185|866|9252082|9252000|181|0|-181|1190884|1190884|1190884|2|1|0|0
09327774|1098|186|1042|9291139|9291000|39057|39000|-57|1190884|1190884|1190884|2|0|0|0
09327774|1099|186|1043|9291482|9291000|343|0|-343|1190884|1190884|1190884|2|0|0|0
09327774|1100|186|1043|9291619|9292000|137|1000|863|1190884|1190884|1190884|2|0|0|0
09327774|1101|186|1043|9291809|9292000|190|0|-190|1190884|1190884|1190884|2|1|0|0
09327774|1102|186|966|9320230|9321000|28421|29000|579|1190884|1190884|1190884|2|0|0|0
09327774|1103|186|966|9320548|9321000|318|0|-318|1190884|1190884|1190884|2|0|0|0
09327774|1104|186|967|9320738|9321000|190|0|-190|1190884|1190884|1190884|2|1|0|0
09377597|1105|187|1022|9353588|9354000|32850|33000|150|1190884|1190884|1190884|2|0|0|0
09377597|1106|187|1022|9353793|9354000|205|0|-205|1190884|1190884|1190884|2|0|0|0
09377597|1107|187|1023|9353920|9354000|127|0|-127|1190884|1190884|1190884|2|0|0|0
09377597|1108|187|1023|9354106|9354000|186|0|-186|1190884|1190884|1190884|2|1|0|0
09427644|1109|188|968|9380900|9381000|26794|27000|206|1190884|1190884|1190884|2|0|0|0
09427644|1110|188|968|9381194|9381000|294|0|-294|1190884|1190884|1190884|2|0|0|0
09427644|1111|188|969|9385741|9386000|4547|5000|453|1190884|1190884|1190884|2|1|0|0
09427644|1112|188|1136|9415754|9416000|30013|30000|-13|1190884|1190884|1190884|2|0|0|0
09427644|1113|188|1137|9416179|9416000|425|0|-425|1190884|1190884|1190884|2|0|0|0
09427644|1114|188|1137|9420622|9421000|4443|5000|557|1190884|1190884|1190884|2|0|0|0
09427644|1115|188|1137|9424790|9425000|4168|4000|-168|1190884|1190884|1190884|2|1|0|0
09478097|1116|189|936|9453279|9453000|28489|28000|-489|1190884|1190884|1190884|2|0|0|0
09478097|1117|189|936|9453400|9453000|121|0|-121|1190884|1190884|1190884|2|0|0|0
09478097|1118|189|936|9453509|9453000|109|0|-109|1190884|1190884|1190884|2|1|0|0
09528117|1119|190|1070|9485405|9486000|31896|33000|1104|1190884|1190884|1190884|2|0|0|0
09528117|1120|190|1070|9485734|9486000|329|0|-329|1190884|1190884|1190884|2|0|0|0
09528117|1121|190|1070|9485831|9486000|97|0|-97|1190884|1190884|1190884|2|0|0|0
09528117|1122|190|1070|9491501|9491000|5670|5000|-670|1190884|1190884|1190884|2|1|0|0
09528117|1123|190|1095|9514753|9515000|23252|24000|748|1190884|1190884|1190884|2|0|0|0
09528117|1124|190|1095|9515048|9515000|295|0|-295|1190884|1190884|1190884|2|1|0|0
09578168|1125|191|1076|9551685|9552000|36637|37000|363|1190884|1190884|1190884|2|0|0|0
09578168|1126|191|1077|9551982|9552000|297|0|-297|1190884|1190884|1190884|2|0|0|0
09578168|1127|191|1077|9552062|9552000|80|0|-80|1190884|1190884|1190884|2|0|0|0
09578168|1128|191|1077|9558378|9558000|6316|6000|-316|1190884|1190884|1190884|2|1|0|0
09628207|1129|192|945|9580676|9581000|22298|23000|702|1190884|1190884|1190884|2|0|0|0
09628207|1130|192|945|9581001|9581000|325|0|-325|1190884|1190884|1190884|2|0|0|0
09628207|1131|192|945|9586374|9586000|5373|5000|-373|1190884|1190884|1190884|2|1|0|0
09628207|1132|192|1064|9617524|9618000|31150|32000|850|1190884|1190884|1190884|2|0|0|0
09628207|1133|192|1065|9617838|9618000|314|0|-314|1190884|1190884|1190884|2|0|0|0
09628207|1134|192|1065|9621318|9621000|3480|3000|-480|1190884|1190884|1190884|2|0|0|0
09628207|1135|192|1065|9625671|9626000|4353|5000|647|1190884|1190884|1190884|2|1|0|0
09678418|1136|193|938|9648726|9649000|23055|23000|-55|1190884|1190884|1190884|2|0|0|0
09678418|1137|193|938|9649046|9649000|320|0|-320|1190884|1190884|1190884|2|0|0|0
09678418|1138|193|938|9654101|9654000|5055|5000|-55|1190884|1190884|1190884|2|1|0|0
09729681|1139|194|1096|9679758|9680000|25657|26000|343|1190884|1190884|1190884|2|0|0|0
09729681|1140|194|1096|9685954|9686000|6196|6000|-196|1190884|1190884|1190884|2|0|0|0
09729681|1141|194|1096|9689046|9689000|3092|3000|-92|1190884|1190884|1190884|2|0|0|0
09729681|1142|194|1096|9693354|9693000|4308|4000|-308|1190884|1190884|1190884|2|1|0|0
09729681|1143|194|992|9711871|9712000|18517|19000|483|1190884|1190884|1190884|2|0|0|0
09729681|1144|194|992|9712081|9712000|210|0|-210|1190884|1190884|1190884|2|0|0|0
09729681|1145|194|993|9712276|9712000|195|0|-195|1190884|1190884|1190884|2|1|0|0
09778620|1146|195|1057|9746591|9747000|34315|35000|685|1190884|1190884|1190884|2|0|0|0
09778620|1147|195|1057|9751457|9751000|4866|4000|-866|1190884|1190884|1190884|2|0|0|0
09778620|1148|195|1057|9756453|9757000|4996|6000|1004|1190884|1190884|1190884|2|0|0|0
09778620|1149|195|1057|9760661|9761000|4208|4000|-208|1190884|1190884|1190884|2|1|0|0
09829709|1150|196|1040|9778881|9779000|18220|18000|-220|1190884|1190884|1190884|2|0|0|0
09829709|1151|196|1041|9779130|9779000|249|0|-249|1190884|1190884|1190884|2|1|0|0
09829709|1152|196|1065|9810378|9810000|31248|31000|-248|1190884|1190884|1190884|2|0|0|0
09829709|1153|196|1065|9810588|9810000|210|0|-210|1190884|1190884|1190884|2|0|0|0
09829709|1154|196|1065|9810678|9811000|90|1000|910|1190884|1190884|1190884|2|0|0|0
09829709|1155|196|1065|9810846|9811000|168|0|-168|1190884|1190884|1190884|2|1|0|0
09879596|1156|197|1028|9842236|9842000|31390|31000|-390|1190884|1190884|1190884|2|0|0|0
09879596|1157|197|1028|9842504|9842000|268|0|-268|1190884|1190884|1190884|2|0|0|0
09879596|1158|197|1028|9842674|9843000|170|1000|830|1190884|1190884|1190884|2|1|0|0
